color_name,hex,R,G,B,hsv,tone,color_desc
Blue,#5d8aa8,93,138,168,"(204, 114, 204)",Air Force Blue (Raf),"('BRIGHT', 'COOL')"
Blue,#00308f,0,48,143,"(220, 255, 220)",Air Force Blue (Usaf),"('BRIGHT', 'COOL')"
Blue,#72a0c1,114,160,193,"(205, 104, 205)",Air Superiority Blue,"('BRIGHT', 'COOL')"
Red,#a32638,163,38,56,"(351, 196, 351)",Alabama Crimson,"('BRIGHT', 'WARM')"
Blue,#f0f8ff,240,248,255,"(208, 15, 208)",Alice Blue,"('NEUTRAL', 'COOL')"
Pink,#e32636,227,38,54,"(355, 212, 355)",Alizarin Crimson,"('BRIGHT', 'WARM')"
Orange,#c46210,196,98,16,"(27, 234, 27)",Alloy Orange,"('BRIGHT', 'WARM')"
Pink,#efdecd,239,222,205,"(30, 36, 30)",Almond,"('DARK', 'WARM')"
Red,#e52b50,229,43,80,"(348, 207, 348)",Amaranth,"('BRIGHT', 'WARM')"
Orange,#ffbf00,255,191,0,"(45, 255, 45)",Amber,"('BRIGHT', 'WARM')"
Orange,#ff7e00,255,126,0,"(30, 255, 30)",Amber (Sae/Ece),"('BRIGHT', 'WARM')"
Red,#ff033e,255,3,62,"(346, 252, 346)",American Rose,"('BRIGHT', 'WARM')"
Purple,#96c,153,102,204,"(270, 128, 270)",Amethyst,"('BRIGHT', 'COOL')"
Green,#a4c639,164,198,57,"(74, 182, 74)",Android Green,"('BRIGHT', 'WARM')"
White,#f2f3f4,242,243,244,"(210, 2, 210)",Anti-Flash White,"('NEUTRAL', 'COOL')"
Brown,#cd9575,205,149,117,"(22, 109, 22)",Antique Brass,"('DARK', 'WARM')"
Pink,#915c83,145,92,131,"(316, 93, 316)",Antique Fuchsia,"('BRIGHT', 'WARM')"
Red,#841b2d,132,27,45,"(350, 203, 350)",Antique Ruby,"('BRIGHT', 'WARM')"
White,#faebd7,250,235,215,"(34, 36, 34)",Antique White,"('DARK', 'WARM')"
Green,#008000,0,128,0,"(120, 255, 120)",Ao (English),"('BRIGHT', 'COOL')"
Green,#8db600,141,182,0,"(74, 255, 74)",Apple Green,"('BRIGHT', 'WARM')"
White,#fbceb1,251,206,177,"(24, 75, 24)",Apricot,"('DARK', 'WARM')"
Light Blue,#0ff,0,255,255,"(180, 255, 180)",Aqua,"('BRIGHT', 'COOL')"
Blue,#7fffd4,127,255,212,"(160, 128, 160)",Aquamarine,"('BRIGHT', 'COOL')"
Green,#4b5320,75,83,32,"(69, 157, 69)",Army Green,"('BRIGHT', 'WARM')"
Gray,#3b444b,59,68,75,"(206, 54, 206)",Arsenic,"('BRIGHT', 'COOL')"
Yellow,#e9d66b,233,214,107,"(51, 138, 51)",Arylide Yellow,"('BRIGHT', 'WARM')"
Gray,#b2beb5,178,190,181,"(135, 16, 135)",Ash Grey,"('NEUTRAL', 'COOL')"
Green,#87a96b,135,169,107,"(93, 94, 93)",Asparagus,"('BRIGHT', 'COOL')"
Orange,#f96,255,153,102,"(20, 153, 20)",Atomic Tangerine,"('DARK', 'WARM')"
Red,#a52a2a,165,42,42,"(0, 190, 0)",Auburn,"('NEUTRAL', 'WARM')"
Yellow,#fdee00,253,238,0,"(56, 255, 56)",Aureolin,"('BRIGHT', 'WARM')"
Gray,#6e7f80,110,127,128,"(183, 36, 183)",Aurometalsaurus,"('BRIGHT', 'COOL')"
Green,#568203,86,130,3,"(81, 249, 81)",Avocado,"('BRIGHT', 'WARM')"
Blue,#007fff,0,127,255,"(210, 255, 210)",Azure,"('BRIGHT', 'COOL')"
Blue,#f0ffff,240,255,255,"(180, 15, 180)",Azure Mist/Web,"('NEUTRAL', 'COOL')"
Blue,#89cff0,137,207,240,"(199, 109, 199)",Baby Blue,"('BRIGHT', 'COOL')"
Blue,#a1caf1,161,202,241,"(209, 85, 209)",Baby Blue Eyes,"('BRIGHT', 'COOL')"
Pink,#f4c2c2,244,194,194,"(0, 52, 0)",Baby Pink,"('NEUTRAL', 'WARM')"
Blue,#21abcd,33,171,205,"(192, 214, 192)",Ball Blue,"('BRIGHT', 'COOL')"
Yellow,#fae7b5,250,231,181,"(43, 70, 43)",Banana Mania,"('DARK', 'WARM')"
Yellow,#ffe135,255,225,53,"(51, 202, 51)",Banana Yellow,"('BRIGHT', 'WARM')"
Red,#7c0a02,124,10,2,"(4, 251, 4)",Barn Red,"('NEUTRAL', 'WARM')"
Gray,#848482,132,132,130,"(60, 4, 60)",Battleship Grey,"('NEUTRAL', 'WARM')"
Pink,#98777b,152,119,123,"(353, 55, 353)",Bazaar,"('BRIGHT', 'WARM')"
Blue,#bcd4e6,188,212,230,"(206, 47, 206)",Beau Blue,"('BRIGHT', 'COOL')"
Beige,#9f8170,159,129,112,"(22, 75, 22)",Beaver,"('DARK', 'WARM')"
Beige,#f5f5dc,245,245,220,"(60, 26, 60)",Beige,"('DARK', 'WARM')"
Red,#9c2542,156,37,66,"(345, 195, 345)",Big Dip O’Ruby,"('BRIGHT', 'WARM')"
Pink,#ffe4c4,255,228,196,"(33, 59, 33)",Bisque,"('DARK', 'WARM')"
Brown,#3d2b1f,61,43,31,"(24, 125, 24)",Bistre,"('DARK', 'WARM')"
Red,#fe6f5e,254,111,94,"(6, 161, 6)",Bittersweet,"('NEUTRAL', 'WARM')"
Red,#bf4f51,191,79,81,"(359, 150, 359)",Bittersweet Shimmer,"('BRIGHT', 'WARM')"
Black,#000,0,0,0,"(0, 0, 0)",Black,"('NEUTRAL', 'WARM')"
Black,#3d0c02,61,12,2,"(10, 247, 10)",Black Bean,"('NEUTRAL', 'WARM')"
Black,#253529,37,53,41,"(135, 77, 135)",Black Leather Jacket,"('BRIGHT', 'COOL')"
Black,#3b3c36,59,60,54,"(70, 26, 70)",Black Olive,"('DARK', 'WARM')"
White,#ffebcd,255,235,205,"(36, 50, 36)",Blanched Almond,"('DARK', 'WARM')"
Beige,#a57164,165,113,100,"(12, 100, 12)",Blast-Off Bronze,"('NEUTRAL', 'WARM')"
Blue,#318ce7,49,140,231,"(210, 201, 210)",Bleu De France,"('BRIGHT', 'COOL')"
Blue,#ace5ee,172,229,238,"(188, 71, 188)",Blizzard Blue,"('BRIGHT', 'COOL')"
Yellow,#faf0be,250,240,190,"(50, 61, 50)",Blond,"('DARK', 'WARM')"
Blue,#00f,0,0,255,"(240, 255, 240)",Blue,"('BRIGHT', 'COOL')"
Blue,#a2a2d0,162,162,208,"(240, 56, 240)",Blue Bell,"('BRIGHT', 'COOL')"
Blue,#1f75fe,31,117,254,"(217, 224, 217)",Blue (Crayola),"('BRIGHT', 'COOL')"
Blue,#69c,102,153,204,"(210, 128, 210)",Blue Gray,"('BRIGHT', 'COOL')"
Green,#0d98ba,13,152,186,"(192, 237, 192)",Blue-Green,"('BRIGHT', 'COOL')"
Blue,#0093af,0,147,175,"(190, 255, 190)",Blue (Munsell),"('BRIGHT', 'COOL')"
Blue,#0087bd,0,135,189,"(197, 255, 197)",Blue (Ncs),"('BRIGHT', 'COOL')"
Blue,#339,51,51,153,"(240, 170, 240)",Blue (Pigment),"('BRIGHT', 'COOL')"
Blue,#0247fe,2,71,254,"(224, 253, 224)",Blue (Ryb),"('BRIGHT', 'COOL')"
Blue,#126180,18,97,128,"(197, 219, 197)",Blue Sapphire,"('BRIGHT', 'COOL')"
Blue,#8a2be2,138,43,226,"(271, 206, 271)",Blue-Violet,"('BRIGHT', 'WARM')"
Pink,#de5d83,222,93,131,"(342, 148, 342)",Blush,"('BRIGHT', 'WARM')"
Red,#79443b,121,68,59,"(9, 131, 9)",Bole,"('NEUTRAL', 'WARM')"
Blue,#0095b6,0,149,182,"(191, 255, 191)",Bondi Blue,"('BRIGHT', 'COOL')"
Beige,#e3dac9,227,218,201,"(39, 29, 39)",Bone,"('DARK', 'WARM')"
Red,#c00,204,0,0,"(0, 255, 0)",Boston University Red,"('NEUTRAL', 'WARM')"
Green,#006a4e,0,106,78,"(164, 255, 164)",Bottle Green,"('BRIGHT', 'COOL')"
Purple,#873260,135,50,96,"(328, 161, 328)",Boysenberry,"('BRIGHT', 'WARM')"
Blue,#0070ff,0,112,255,"(214, 255, 214)",Brandeis Blue,"('BRIGHT', 'COOL')"
Green,#b5a642,181,166,66,"(52, 162, 52)",Brass,"('BRIGHT', 'WARM')"
Red,#cb4154,203,65,84,"(352, 173, 352)",Brick Red,"('BRIGHT', 'WARM')"
Blue,#1dacd6,29,172,214,"(194, 220, 194)",Bright Cerulean,"('BRIGHT', 'COOL')"
Green,#6f0,102,255,0,"(96, 255, 96)",Bright Green,"('BRIGHT', 'COOL')"
Purple,#bf94e4,191,148,228,"(272, 89, 272)",Bright Lavender,"('BRIGHT', 'WARM')"
Red,#c32148,195,33,72,"(346, 212, 346)",Bright Maroon,"('BRIGHT', 'WARM')"
Pink,#ff007f,255,0,127,"(330, 255, 330)",Bright Pink,"('BRIGHT', 'WARM')"
Blue,#08e8de,8,232,222,"(177, 246, 177)",Bright Turquoise,"('BRIGHT', 'COOL')"
Purple,#d19fe8,209,159,232,"(281, 80, 281)",Bright Ube,"('BRIGHT', 'WARM')"
Pink,#f4bbff,244,187,255,"(290, 68, 290)",Brilliant Lavender,"('BRIGHT', 'WARM')"
Pink,#ff55a3,255,85,163,"(332, 170, 332)",Brilliant Rose,"('BRIGHT', 'WARM')"
Pink,#fb607f,251,96,127,"(348, 157, 348)",Brink Pink,"('BRIGHT', 'WARM')"
Green,#004225,0,66,37,"(154, 255, 154)",British Racing Green,"('BRIGHT', 'COOL')"
Brown,#cd7f32,205,127,50,"(30, 193, 30)",Bronze,"('BRIGHT', 'WARM')"
Brown,#964b00,150,75,0,"(30, 255, 30)",Brown (Traditional),"('BRIGHT', 'WARM')"
Red,#a52a2a,165,42,42,"(0, 190, 0)",Brown (Web),"('NEUTRAL', 'WARM')"
Pink,#ffc1cc,255,193,204,"(349, 62, 349)",Bubble Gum,"('BRIGHT', 'WARM')"
Blue,#e7feff,231,254,255,"(182, 24, 182)",Bubbles,"('DARK', 'COOL')"
Yellow,#f0dc82,240,220,130,"(49, 117, 49)",Buff,"('BRIGHT', 'WARM')"
Black,#480607,72,6,7,"(359, 234, 359)",Bulgarian Rose,"('BRIGHT', 'WARM')"
Red,#800020,128,0,32,"(345, 255, 345)",Burgundy,"('BRIGHT', 'WARM')"
Green,#deb887,222,184,135,"(34, 100, 34)",Burlywood,"('BRIGHT', 'WARM')"
Orange,#c50,204,85,0,"(25, 255, 25)",Burnt Orange,"('BRIGHT', 'WARM')"
Red,#e97451,233,116,81,"(14, 166, 14)",Burnt Sienna,"('NEUTRAL', 'WARM')"
Brown,#8a3324,138,51,36,"(9, 188, 9)",Burnt Umber,"('NEUTRAL', 'WARM')"
Red,#bd33a4,189,51,164,"(311, 186, 311)",Byzantine,"('BRIGHT', 'WARM')"
Purple,#702963,112,41,99,"(311, 162, 311)",Byzantium,"('BRIGHT', 'WARM')"
Blue,#536872,83,104,114,"(199, 69, 199)",Cadet,"('BRIGHT', 'COOL')"
Blue,#5f9ea0,95,158,160,"(182, 104, 182)",Cadet Blue,"('BRIGHT', 'COOL')"
Gray,#91a3b0,145,163,176,"(205, 45, 205)",Cadet Grey,"('BRIGHT', 'COOL')"
Green,#006b3c,0,107,60,"(154, 255, 154)",Cadmium Green,"('BRIGHT', 'COOL')"
Orange,#ed872d,237,135,45,"(28, 207, 28)",Cadmium Orange,"('BRIGHT', 'WARM')"
Red,#e30022,227,0,34,"(351, 255, 351)",Cadmium Red,"('BRIGHT', 'WARM')"
Yellow,#fff600,255,246,0,"(58, 255, 58)",Cadmium Yellow,"('BRIGHT', 'WARM')"
Beige,#a67b5b,166,123,91,"(26, 115, 26)",Café Au Lait,"('BRIGHT', 'WARM')"
Black,#4b3621,75,54,33,"(30, 143, 30)",Café Noir,"('BRIGHT', 'WARM')"
Green,#1e4d2b,30,77,43,"(137, 156, 137)",Cal Poly Green,"('BRIGHT', 'COOL')"
Blue,#a3c1ad,163,193,173,"(140, 40, 140)",Cambridge Blue,"('BRIGHT', 'COOL')"
Brown,#c19a6b,193,154,107,"(33, 114, 33)",Camel,"('BRIGHT', 'WARM')"
Pink,#efbbcc,239,187,204,"(340, 55, 340)",Cameo Pink,"('BRIGHT', 'WARM')"
Green,#78866b,120,134,107,"(91, 51, 91)",Camouflage Green,"('BRIGHT', 'COOL')"
Yellow,#ffef00,255,239,0,"(56, 255, 56)",Canary Yellow,"('BRIGHT', 'WARM')"
Red,#ff0800,255,8,0,"(2, 255, 2)",Candy Apple Red,"('NEUTRAL', 'WARM')"
Pink,#e4717a,228,113,122,"(355, 129, 355)",Candy Pink,"('BRIGHT', 'WARM')"
Blue,#00bfff,0,191,255,"(195, 255, 195)",Capri,"('BRIGHT', 'COOL')"
Brown,#592720,89,39,32,"(7, 163, 7)",Caput Mortuum,"('NEUTRAL', 'WARM')"
Red,#c41e3a,196,30,58,"(350, 216, 350)",Cardinal,"('BRIGHT', 'WARM')"
Green,#0c9,0,204,153,"(165, 255, 165)",Caribbean Green,"('BRIGHT', 'COOL')"
Red,#960018,150,0,24,"(350, 255, 350)",Carmine,"('BRIGHT', 'WARM')"
Red,#d70040,215,0,64,"(342, 255, 342)",Carmine (M&P),"('BRIGHT', 'WARM')"
Pink,#eb4c42,235,76,66,"(4, 183, 4)",Carmine Pink,"('NEUTRAL', 'WARM')"
Red,#ff0038,255,0,56,"(347, 255, 347)",Carmine Red,"('BRIGHT', 'WARM')"
Pink,#ffa6c9,255,166,201,"(336, 89, 336)",Carnation Pink,"('BRIGHT', 'WARM')"
Red,#b31b1b,179,27,27,"(0, 217, 0)",Carnelian,"('NEUTRAL', 'WARM')"
Blue,#99badd,153,186,221,"(211, 78, 211)",Carolina Blue,"('BRIGHT', 'COOL')"
Orange,#ed9121,237,145,33,"(33, 219, 33)",Carrot Orange,"('BRIGHT', 'WARM')"
Blue,#062a78,6,42,120,"(221, 242, 221)",Catalina Blue,"('BRIGHT', 'COOL')"
Blue,#92a1cf,146,161,207,"(225, 75, 225)",Ceil,"('BRIGHT', 'COOL')"
Green,#ace1af,172,225,175,"(123, 60, 123)",Celadon,"('BRIGHT', 'COOL')"
Blue,#007ba7,0,123,167,"(196, 255, 196)",Celadon Blue,"('BRIGHT', 'COOL')"
Green,#2f847c,47,132,124,"(174, 164, 174)",Celadon Green,"('BRIGHT', 'COOL')"
Blue,#b2ffff,178,255,255,"(180, 77, 180)",Celeste (Colour),"('BRIGHT', 'COOL')"
Blue,#4997d0,73,151,208,"(205, 166, 205)",Celestial Blue,"('BRIGHT', 'COOL')"
Red,#de3163,222,49,99,"(343, 199, 343)",Cerise,"('BRIGHT', 'WARM')"
Pink,#ec3b83,236,59,131,"(336, 191, 336)",Cerise Pink,"('BRIGHT', 'WARM')"
Blue,#007ba7,0,123,167,"(196, 255, 196)",Cerulean,"('BRIGHT', 'COOL')"
Blue,#2a52be,42,82,190,"(224, 199, 224)",Cerulean Blue,"('BRIGHT', 'COOL')"
Blue,#6d9bc3,109,155,195,"(208, 112, 208)",Cerulean Frost,"('BRIGHT', 'COOL')"
Blue,#007aa5,0,122,165,"(196, 255, 196)",Cg Blue,"('BRIGHT', 'COOL')"
Red,#e03c31,224,60,49,"(4, 199, 4)",Cg Red,"('NEUTRAL', 'WARM')"
Beige,#a0785a,160,120,90,"(26, 112, 26)",Chamoisee,"('BRIGHT', 'WARM')"
Yellow,#fad6a5,250,214,165,"(35, 87, 35)",Champagne,"('BRIGHT', 'WARM')"
Gray,#36454f,54,69,79,"(204, 81, 204)",Charcoal,"('BRIGHT', 'COOL')"
Pink,#e68fac,230,143,172,"(340, 96, 340)",Charm Pink,"('BRIGHT', 'WARM')"
Yellow,#dfff00,223,255,0,"(68, 255, 68)",Chartreuse (Traditional),"('BRIGHT', 'WARM')"
Green,#7fff00,127,255,0,"(90, 255, 90)",Chartreuse (Web),"('BRIGHT', 'WARM')"
Red,#de3163,222,49,99,"(343, 199, 343)",Cherry,"('BRIGHT', 'WARM')"
Pink,#ffb7c5,255,183,197,"(348, 72, 348)",Cherry Blossom Pink,"('BRIGHT', 'WARM')"
Red,#cd5c5c,205,92,92,"(0, 141, 0)",Chestnut,"('NEUTRAL', 'WARM')"
Pink,#de6fa1,222,111,161,"(333, 128, 333)",China Pink,"('BRIGHT', 'WARM')"
Red,#a8516e,168,81,110,"(340, 132, 340)",China Rose,"('BRIGHT', 'WARM')"
Red,#aa381e,170,56,30,"(11, 210, 11)",Chinese Red,"('NEUTRAL', 'WARM')"
Brown,#7b3f00,123,63,0,"(31, 255, 31)",Chocolate (Traditional),"('BRIGHT', 'WARM')"
Brown,#d2691e,210,105,30,"(25, 219, 25)",Chocolate (Web),"('BRIGHT', 'WARM')"
Yellow,#ffa700,255,167,0,"(39, 255, 39)",Chrome Yellow,"('BRIGHT', 'WARM')"
Pink,#98817b,152,129,123,"(12, 49, 12)",Cinereous,"('NEUTRAL', 'WARM')"
Red,#e34234,227,66,52,"(5, 197, 5)",Cinnabar,"('NEUTRAL', 'WARM')"
Brown,#d2691e,210,105,30,"(25, 219, 25)",Cinnamon,"('BRIGHT', 'WARM')"
Yellow,#e4d00a,228,208,10,"(54, 244, 54)",Citrine,"('BRIGHT', 'WARM')"
Pink,#fbcce7,251,204,231,"(326, 48, 326)",Classic Rose,"('BRIGHT', 'WARM')"
Blue,#0047ab,0,71,171,"(215, 255, 215)",Cobalt,"('BRIGHT', 'COOL')"
Brown,#d2691e,210,105,30,"(25, 219, 25)",Cocoa Brown,"('BRIGHT', 'WARM')"
Red,#6f4e37,111,78,55,"(25, 129, 25)",Coffee,"('BRIGHT', 'WARM')"
Blue,#9bddff,155,221,255,"(200, 100, 200)",Columbia Blue,"('BRIGHT', 'COOL')"
Orange,#f88379,248,131,121,"(5, 131, 5)",Congo Pink,"('NEUTRAL', 'WARM')"
Black,#002e63,0,46,99,"(212, 255, 212)",Cool Black,"('BRIGHT', 'COOL')"
Purple,#8c92ac,140,146,172,"(229, 47, 229)",Cool Grey,"('BRIGHT', 'COOL')"
Brown,#b87333,184,115,51,"(29, 184, 29)",Copper,"('BRIGHT', 'WARM')"
Orange,#da8a67,218,138,103,"(18, 135, 18)",Copper (Crayola),"('DARK', 'WARM')"
Beige,#ad6f69,173,111,105,"(5, 100, 5)",Copper Penny,"('NEUTRAL', 'WARM')"
Red,#cb6d51,203,109,81,"(14, 153, 14)",Copper Red,"('NEUTRAL', 'WARM')"
Brown,#966,153,102,102,"(0, 85, 0)",Copper Rose,"('NEUTRAL', 'WARM')"
Red,#ff3800,255,56,0,"(13, 255, 13)",Coquelicot,"('NEUTRAL', 'WARM')"
Orange,#ff7f50,255,127,80,"(16, 175, 16)",Coral,"('NEUTRAL', 'WARM')"
Orange,#f88379,248,131,121,"(5, 131, 5)",Coral Pink,"('NEUTRAL', 'WARM')"
Red,#ff4040,255,64,64,"(0, 191, 0)",Coral Red,"('NEUTRAL', 'WARM')"
Red,#893f45,137,63,69,"(355, 138, 355)",Cordovan,"('BRIGHT', 'WARM')"
Yellow,#fbec5d,251,236,93,"(54, 161, 54)",Corn,"('BRIGHT', 'WARM')"
Red,#b31b1b,179,27,27,"(0, 217, 0)",Cornell Red,"('NEUTRAL', 'WARM')"
Blue,#6495ed,100,149,237,"(219, 147, 219)",Cornflower Blue,"('BRIGHT', 'COOL')"
Yellow,#fff8dc,255,248,220,"(48, 35, 48)",Cornsilk,"('DARK', 'WARM')"
Beige,#fff8e7,255,248,231,"(42, 24, 42)",Cosmic Latte,"('DARK', 'WARM')"
Pink,#ffbcd9,255,188,217,"(334, 67, 334)",Cotton Candy,"('BRIGHT', 'WARM')"
Yellow,#fffdd0,255,253,208,"(57, 47, 57)",Cream,"('DARK', 'WARM')"
Pink,#dc143c,220,20,60,"(348, 232, 348)",Crimson,"('BRIGHT', 'WARM')"
Red,#be0032,190,0,50,"(344, 255, 344)",Crimson Glory,"('BRIGHT', 'WARM')"
Light Blue,#0ff,0,255,255,"(180, 255, 180)",Cyan,"('BRIGHT', 'COOL')"
Blue,#00b7eb,0,183,235,"(193, 255, 193)",Cyan (Process),"('BRIGHT', 'COOL')"
Yellow,#ffff31,255,255,49,"(60, 206, 60)",Daffodil,"('BRIGHT', 'WARM')"
Yellow,#f0e130,240,225,48,"(55, 204, 55)",Dandelion,"('BRIGHT', 'WARM')"
Blue,#00008b,0,0,139,"(240, 255, 240)",Dark Blue,"('BRIGHT', 'COOL')"
Brown,#654321,101,67,33,"(30, 172, 30)",Dark Brown,"('BRIGHT', 'WARM')"
Red,#5d3954,93,57,84,"(315, 99, 315)",Dark Byzantium,"('BRIGHT', 'WARM')"
Red,#a40000,164,0,0,"(0, 255, 0)",Dark Candy Apple Red,"('NEUTRAL', 'WARM')"
Blue,#08457e,8,69,126,"(209, 239, 209)",Dark Cerulean,"('BRIGHT', 'COOL')"
Brown,#986960,152,105,96,"(10, 94, 10)",Dark Chestnut,"('NEUTRAL', 'WARM')"
Red,#cd5b45,205,91,69,"(10, 169, 10)",Dark Coral,"('NEUTRAL', 'WARM')"
Green,#008b8b,0,139,139,"(180, 255, 180)",Dark Cyan,"('BRIGHT', 'COOL')"
Blue,#536878,83,104,120,"(206, 79, 206)",Dark Electric Blue,"('BRIGHT', 'COOL')"
Yellow,#b8860b,184,134,11,"(43, 240, 43)",Dark Goldenrod,"('BRIGHT', 'WARM')"
Gray,#a9a9a9,169,169,169,"(0, 0, 0)",Dark Gray,"('NEUTRAL', 'WARM')"
Green,#013220,1,50,32,"(158, 250, 158)",Dark Green,"('BRIGHT', 'COOL')"
Blue,#00416a,0,65,106,"(203, 255, 203)",Dark Imperial Blue,"('BRIGHT', 'COOL')"
Green,#1a2421,26,36,33,"(162, 71, 162)",Dark Jungle Green,"('BRIGHT', 'COOL')"
Brown,#bdb76b,189,183,107,"(56, 111, 56)",Dark Khaki,"('BRIGHT', 'WARM')"
Black,#483c32,72,60,50,"(27, 78, 27)",Dark Lava,"('DARK', 'WARM')"
Purple,#734f96,115,79,150,"(270, 121, 270)",Dark Lavender,"('BRIGHT', 'COOL')"
Purple,#8b008b,139,0,139,"(300, 255, 300)",Dark Magenta,"('BRIGHT', 'WARM')"
Blue,#036,0,51,102,"(210, 255, 210)",Dark Midnight Blue,"('BRIGHT', 'COOL')"
Green,#556b2f,85,107,47,"(82, 143, 82)",Dark Olive Green,"('BRIGHT', 'WARM')"
Orange,#ff8c00,255,140,0,"(33, 255, 33)",Dark Orange,"('BRIGHT', 'WARM')"
Blue,#9932cc,153,50,204,"(280, 193, 280)",Dark Orchid,"('BRIGHT', 'WARM')"
Blue,#779ecb,119,158,203,"(212, 106, 212)",Dark Pastel Blue,"('BRIGHT', 'COOL')"
Green,#03c03c,3,192,60,"(138, 251, 138)",Dark Pastel Green,"('BRIGHT', 'COOL')"
Purple,#966fd6,150,111,214,"(263, 123, 263)",Dark Pastel Purple,"('BRIGHT', 'COOL')"
Red,#c23b22,194,59,34,"(9, 210, 9)",Dark Pastel Red,"('NEUTRAL', 'WARM')"
Pink,#e75480,231,84,128,"(342, 162, 342)",Dark Pink,"('BRIGHT', 'WARM')"
Blue,#039,0,51,153,"(220, 255, 220)",Dark Powder Blue,"('BRIGHT', 'COOL')"
Purple,#872657,135,38,87,"(330, 183, 330)",Dark Raspberry,"('BRIGHT', 'WARM')"
Red,#8b0000,139,0,0,"(0, 255, 0)",Dark Red,"('NEUTRAL', 'WARM')"
Pink,#e9967a,233,150,122,"(15, 121, 15)",Dark Salmon,"('NEUTRAL', 'WARM')"
Black,#560319,86,3,25,"(344, 246, 344)",Dark Scarlet,"('BRIGHT', 'WARM')"
Green,#8fbc8f,143,188,143,"(120, 61, 120)",Dark Sea Green,"('BRIGHT', 'COOL')"
Brown,#3c1414,60,20,20,"(0, 170, 0)",Dark Sienna,"('NEUTRAL', 'WARM')"
Blue,#483d8b,72,61,139,"(248, 143, 248)",Dark Slate Blue,"('BRIGHT', 'COOL')"
Gray,#2f4f4f,47,79,79,"(180, 103, 180)",Dark Slate Gray,"('BRIGHT', 'COOL')"
Green,#177245,23,114,69,"(150, 204, 150)",Dark Spring Green,"('BRIGHT', 'COOL')"
Brown,#918151,145,129,81,"(45, 113, 45)",Dark Tan,"('BRIGHT', 'WARM')"
Yellow,#ffa812,255,168,18,"(38, 237, 38)",Dark Tangerine,"('BRIGHT', 'WARM')"
Black,#483c32,72,60,50,"(27, 78, 27)",Dark Taupe,"('DARK', 'WARM')"
Red,#cc4e5c,204,78,92,"(353, 158, 353)",Dark Terra Cotta,"('BRIGHT', 'WARM')"
Blue,#00ced1,0,206,209,"(181, 255, 181)",Dark Turquoise,"('BRIGHT', 'COOL')"
Purple,#9400d3,148,0,211,"(282, 255, 282)",Dark Violet,"('BRIGHT', 'WARM')"
Yellow,#9b870c,155,135,12,"(52, 235, 52)",Dark Yellow,"('BRIGHT', 'WARM')"
Green,#00703c,0,112,60,"(152, 255, 152)",Dartmouth Green,"('BRIGHT', 'COOL')"
Brown,#555,85,85,85,"(0, 0, 0)",Davy'S Grey,"('NEUTRAL', 'WARM')"
Red,#d70a53,215,10,83,"(339, 243, 339)",Debian Red,"('BRIGHT', 'WARM')"
Red,#a9203e,169,32,62,"(347, 207, 347)",Deep Carmine,"('BRIGHT', 'WARM')"
Pink,#ef3038,239,48,56,"(357, 204, 357)",Deep Carmine Pink,"('BRIGHT', 'WARM')"
Orange,#e9692c,233,105,44,"(19, 207, 19)",Deep Carrot Orange,"('DARK', 'WARM')"
Pink,#da3287,218,50,135,"(330, 197, 330)",Deep Cerise,"('BRIGHT', 'WARM')"
Yellow,#fad6a5,250,214,165,"(35, 87, 35)",Deep Champagne,"('BRIGHT', 'WARM')"
Red,#b94e48,185,78,72,"(3, 156, 3)",Deep Chestnut,"('NEUTRAL', 'WARM')"
Red,#704241,112,66,65,"(1, 107, 1)",Deep Coffee,"('NEUTRAL', 'WARM')"
Purple,#c154c1,193,84,193,"(300, 144, 300)",Deep Fuchsia,"('BRIGHT', 'WARM')"
Green,#004b49,0,75,73,"(178, 255, 178)",Deep Jungle Green,"('BRIGHT', 'COOL')"
Purple,#95b,153,85,187,"(280, 139, 280)",Deep Lilac,"('BRIGHT', 'WARM')"
Purple,#c0c,204,0,204,"(300, 255, 300)",Deep Magenta,"('BRIGHT', 'WARM')"
Orange,#ffcba4,255,203,164,"(26, 91, 26)",Deep Peach,"('DARK', 'WARM')"
Pink,#ff1493,255,20,147,"(328, 235, 328)",Deep Pink,"('BRIGHT', 'WARM')"
Red,#843f5b,132,63,91,"(336, 133, 336)",Deep Ruby,"('BRIGHT', 'WARM')"
Orange,#f93,255,153,51,"(30, 204, 30)",Deep Saffron,"('BRIGHT', 'WARM')"
Blue,#00bfff,0,191,255,"(195, 255, 195)",Deep Sky Blue,"('BRIGHT', 'COOL')"
Red,#66424d,102,66,77,"(342, 90, 342)",Deep Tuscan Red,"('BRIGHT', 'WARM')"
Blue,#1560bd,21,96,189,"(213, 227, 213)",Denim,"('BRIGHT', 'COOL')"
Brown,#c19a6b,193,154,107,"(33, 114, 33)",Desert,"('BRIGHT', 'WARM')"
Beige,#edc9af,237,201,175,"(25, 67, 25)",Desert Sand,"('DARK', 'WARM')"
Gray,#696969,105,105,105,"(0, 0, 0)",Dim Gray,"('NEUTRAL', 'WARM')"
Blue,#1e90ff,30,144,255,"(210, 225, 210)",Dodger Blue,"('BRIGHT', 'COOL')"
Red,#d71868,215,24,104,"(335, 227, 335)",Dogwood Rose,"('BRIGHT', 'WARM')"
Green,#85bb65,133,187,101,"(98, 117, 98)",Dollar Bill,"('BRIGHT', 'COOL')"
Beige,#967117,150,113,23,"(43, 216, 43)",Drab,"('BRIGHT', 'WARM')"
Blue,#00009c,0,0,156,"(240, 255, 240)",Duke Blue,"('BRIGHT', 'COOL')"
Yellow,#e1a95f,225,169,95,"(34, 147, 34)",Earth Yellow,"('BRIGHT', 'WARM')"
Gray,#555d50,85,93,80,"(97, 36, 97)",Ebony,"('BRIGHT', 'COOL')"
Brown,#c2b280,194,178,128,"(45, 87, 45)",Ecru,"('BRIGHT', 'WARM')"
Red,#614051,97,64,81,"(329, 87, 329)",Eggplant,"('BRIGHT', 'WARM')"
White,#f0ead6,240,234,214,"(46, 28, 46)",Eggshell,"('DARK', 'WARM')"
Blue,#1034a6,16,52,166,"(226, 230, 226)",Egyptian Blue,"('BRIGHT', 'COOL')"
Blue,#7df9ff,125,249,255,"(183, 130, 183)",Electric Blue,"('BRIGHT', 'COOL')"
Red,#ff003f,255,0,63,"(345, 255, 345)",Electric Crimson,"('BRIGHT', 'WARM')"
Light Blue,#0ff,0,255,255,"(180, 255, 180)",Electric Cyan,"('BRIGHT', 'COOL')"
Green,#0f0,0,255,0,"(120, 255, 120)",Electric Green,"('BRIGHT', 'COOL')"
Purple,#6f00ff,111,0,255,"(266, 255, 266)",Electric Indigo,"('BRIGHT', 'COOL')"
Pink,#f4bbff,244,187,255,"(290, 68, 290)",Electric Lavender,"('BRIGHT', 'WARM')"
Yellow,#cf0,204,255,0,"(72, 255, 72)",Electric Lime,"('BRIGHT', 'WARM')"
Purple,#bf00ff,191,0,255,"(285, 255, 285)",Electric Purple,"('BRIGHT', 'WARM')"
Purple,#3f00ff,63,0,255,"(255, 255, 255)",Electric Ultramarine,"('BRIGHT', 'COOL')"
Purple,#8f00ff,143,0,255,"(274, 255, 274)",Electric Violet,"('BRIGHT', 'WARM')"
Yellow,#ff0,255,255,0,"(60, 255, 60)",Electric Yellow,"('BRIGHT', 'WARM')"
Green,#50c878,80,200,120,"(140, 153, 140)",Emerald,"('BRIGHT', 'COOL')"
Brown,#b48395,180,131,149,"(338, 69, 338)",English Lavender,"('BRIGHT', 'WARM')"
Blue,#96c8a2,150,200,162,"(134, 64, 134)",Eton Blue,"('BRIGHT', 'COOL')"
Brown,#c19a6b,193,154,107,"(33, 114, 33)",Fallow,"('BRIGHT', 'WARM')"
Red,#801818,128,24,24,"(0, 207, 0)",Falu Red,"('NEUTRAL', 'WARM')"
Red,#b53389,181,51,137,"(320, 183, 320)",Fandango,"('BRIGHT', 'WARM')"
Pink,#f400a1,244,0,161,"(320, 255, 320)",Fashion Fuchsia,"('BRIGHT', 'WARM')"
Yellow,#e5aa70,229,170,112,"(30, 130, 30)",Fawn,"('BRIGHT', 'WARM')"
Gray,#4d5d53,77,93,83,"(143, 44, 143)",Feldgrau,"('BRIGHT', 'COOL')"
Green,#4f7942,79,121,66,"(106, 116, 106)",Fern Green,"('BRIGHT', 'COOL')"
Red,#ff2800,255,40,0,"(9, 255, 9)",Ferrari Red,"('NEUTRAL', 'WARM')"
Brown,#6c541e,108,84,30,"(42, 184, 42)",Field Drab,"('BRIGHT', 'WARM')"
Red,#ce2029,206,32,41,"(357, 215, 357)",Fire Engine Red,"('BRIGHT', 'WARM')"
Red,#b22222,178,34,34,"(0, 206, 0)",Firebrick,"('NEUTRAL', 'WARM')"
Orange,#e25822,226,88,34,"(17, 217, 17)",Flame,"('DARK', 'WARM')"
Pink,#fc8eac,252,142,172,"(344, 111, 344)",Flamingo Pink,"('BRIGHT', 'WARM')"
Beige,#f7e98e,247,233,142,"(52, 108, 52)",Flavescent,"('BRIGHT', 'WARM')"
Yellow,#eedc82,238,220,130,"(50, 116, 50)",Flax,"('BRIGHT', 'WARM')"
White,#fffaf0,255,250,240,"(40, 15, 40)",Floral White,"('NEUTRAL', 'WARM')"
Orange,#ffbf00,255,191,0,"(45, 255, 45)",Fluorescent Orange,"('BRIGHT', 'WARM')"
Pink,#ff1493,255,20,147,"(328, 235, 328)",Fluorescent Pink,"('BRIGHT', 'WARM')"
Yellow,#cf0,204,255,0,"(72, 255, 72)",Fluorescent Yellow,"('BRIGHT', 'WARM')"
Red,#ff004f,255,0,79,"(341, 255, 341)",Folly,"('BRIGHT', 'WARM')"
Green,#014421,1,68,33,"(149, 251, 149)",Forest Green (Traditional),"('BRIGHT', 'COOL')"
Green,#228b22,34,139,34,"(120, 193, 120)",Forest Green (Web),"('BRIGHT', 'COOL')"
Beige,#a67b5b,166,123,91,"(26, 115, 26)",French Beige,"('BRIGHT', 'WARM')"
Blue,#0072bb,0,114,187,"(203, 255, 203)",French Blue,"('BRIGHT', 'COOL')"
Pink,#86608e,134,96,142,"(290, 83, 290)",French Lilac,"('BRIGHT', 'WARM')"
Yellow,#cf0,204,255,0,"(72, 255, 72)",French Lime,"('BRIGHT', 'WARM')"
Red,#c72c48,199,44,72,"(349, 199, 349)",French Raspberry,"('BRIGHT', 'WARM')"
Pink,#f64a8a,246,74,138,"(338, 178, 338)",French Rose,"('BRIGHT', 'WARM')"
Pink,#f0f,255,0,255,"(300, 255, 300)",Fuchsia,"('BRIGHT', 'WARM')"
Purple,#c154c1,193,84,193,"(300, 144, 300)",Fuchsia (Crayola),"('BRIGHT', 'WARM')"
Pink,#f7f,255,119,255,"(300, 136, 300)",Fuchsia Pink,"('BRIGHT', 'WARM')"
Pink,#c74375,199,67,117,"(337, 169, 337)",Fuchsia Rose,"('BRIGHT', 'WARM')"
Orange,#e48400,228,132,0,"(35, 255, 35)",Fulvous,"('BRIGHT', 'WARM')"
Red,#c66,204,102,102,"(0, 128, 0)",Fuzzy Wuzzy,"('NEUTRAL', 'WARM')"
Pink,#dcdcdc,220,220,220,"(0, 0, 0)",Gainsboro,"('NEUTRAL', 'WARM')"
Orange,#e49b0f,228,155,15,"(39, 238, 39)",Gamboge,"('BRIGHT', 'WARM')"
White,#f8f8ff,248,248,255,"(240, 7, 240)",Ghost White,"('NEUTRAL', 'COOL')"
Orange,#b06500,176,101,0,"(34, 255, 34)",Ginger,"('BRIGHT', 'WARM')"
Blue,#6082b6,96,130,182,"(216, 120, 216)",Glaucous,"('BRIGHT', 'COOL')"
White,#e6e8fa,230,232,250,"(234, 20, 234)",Glitter,"('NEUTRAL', 'COOL')"
Brown,#d4af37,212,175,55,"(46, 189, 46)",Gold (Metallic),"('BRIGHT', 'WARM')"
Yellow,#ffd700,255,215,0,"(51, 255, 51)",Gold (Web) (Golden),"('BRIGHT', 'WARM')"
Brown,#996515,153,101,21,"(36, 220, 36)",Golden Brown,"('BRIGHT', 'WARM')"
Orange,#fcc200,252,194,0,"(46, 255, 46)",Golden Poppy,"('BRIGHT', 'WARM')"
Yellow,#ffdf00,255,223,0,"(52, 255, 52)",Golden Yellow,"('BRIGHT', 'WARM')"
Orange,#daa520,218,165,32,"(43, 218, 43)",Goldenrod,"('BRIGHT', 'WARM')"
Green,#a8e4a0,168,228,160,"(113, 76, 113)",Granny Smith Apple,"('BRIGHT', 'COOL')"
Gray,#808080,128,128,128,"(0, 0, 0)",Gray,"('NEUTRAL', 'WARM')"
Gray,#465945,70,89,69,"(117, 57, 117)",Gray-Asparagus,"('BRIGHT', 'COOL')"
Gray,#808080,128,128,128,"(0, 0, 0)",Gray (Html/Css Gray),"('NEUTRAL', 'WARM')"
Gray,#bebebe,190,190,190,"(0, 0, 0)",Gray (X11 Gray),"('NEUTRAL', 'WARM')"
Green,#0f0,0,255,0,"(120, 255, 120)",Green (Color Wheel) (X11 Green),"('BRIGHT', 'COOL')"
Green,#1cac78,28,172,120,"(158, 213, 158)",Green (Crayola),"('BRIGHT', 'COOL')"
Green,#008000,0,128,0,"(120, 255, 120)",Green (Html/Css Green),"('BRIGHT', 'COOL')"
Green,#00a877,0,168,119,"(162, 255, 162)",Green (Munsell),"('BRIGHT', 'COOL')"
Green,#009f6b,0,159,107,"(160, 255, 160)",Green (Ncs),"('BRIGHT', 'COOL')"
Green,#00a550,0,165,80,"(149, 255, 149)",Green (Pigment),"('BRIGHT', 'COOL')"
Green,#66b032,102,176,50,"(95, 183, 95)",Green (Ryb),"('BRIGHT', 'COOL')"
Green,#adff2f,173,255,47,"(84, 208, 84)",Green-Yellow,"('BRIGHT', 'WARM')"
Brown,#a99a86,169,154,134,"(34, 53, 34)",Grullo,"('DARK', 'WARM')"
Green,#00ff7f,0,255,127,"(150, 255, 150)",Guppie Green,"('BRIGHT', 'COOL')"
Red,#663854,102,56,84,"(323, 115, 323)",Halayà úBe,"('BRIGHT', 'WARM')"
Blue,#446ccf,68,108,207,"(223, 171, 223)",Han Blue,"('BRIGHT', 'COOL')"
Purple,#5218fa,82,24,250,"(255, 231, 255)",Han Purple,"('BRIGHT', 'COOL')"
Yellow,#e9d66b,233,214,107,"(51, 138, 51)",Hansa Yellow,"('BRIGHT', 'WARM')"
Green,#3fff00,63,255,0,"(105, 255, 105)",Harlequin,"('BRIGHT', 'COOL')"
Red,#c90016,201,0,22,"(353, 255, 353)",Harvard Crimson,"('BRIGHT', 'WARM')"
Orange,#da9100,218,145,0,"(40, 255, 40)",Harvest Gold,"('BRIGHT', 'WARM')"
Green,#808000,128,128,0,"(60, 255, 60)",Heart Gold,"('BRIGHT', 'WARM')"
Pink,#df73ff,223,115,255,"(286, 140, 286)",Heliotrope,"('BRIGHT', 'WARM')"
Pink,#f400a1,244,0,161,"(320, 255, 320)",Hollywood Cerise,"('BRIGHT', 'WARM')"
White,#f0fff0,240,255,240,"(120, 15, 120)",Honeydew,"('NEUTRAL', 'COOL')"
Blue,#007fbf,0,127,191,"(200, 255, 200)",Honolulu Blue,"('BRIGHT', 'COOL')"
Green,#49796b,73,121,107,"(162, 101, 162)",Hooker'S Green,"('BRIGHT', 'COOL')"
Pink,#ff1dce,255,29,206,"(313, 226, 313)",Hot Magenta,"('BRIGHT', 'WARM')"
Pink,#ff69b4,255,105,180,"(330, 150, 330)",Hot Pink,"('BRIGHT', 'WARM')"
Green,#355e3b,53,94,59,"(129, 111, 129)",Hunter Green,"('BRIGHT', 'COOL')"
Blue,#71a6d2,113,166,210,"(207, 118, 207)",Iceberg,"('BRIGHT', 'COOL')"
Yellow,#fcf75e,252,247,94,"(58, 160, 58)",Icterine,"('BRIGHT', 'WARM')"
Blue,#002395,0,35,149,"(226, 255, 226)",Imperial Blue,"('BRIGHT', 'COOL')"
Green,#b2ec5d,178,236,93,"(84, 155, 84)",Inchworm,"('BRIGHT', 'WARM')"
Green,#138808,19,136,8,"(115, 240, 115)",India Green,"('BRIGHT', 'COOL')"
Red,#cd5c5c,205,92,92,"(0, 141, 0)",Indian Red,"('NEUTRAL', 'WARM')"
Yellow,#e3a857,227,168,87,"(35, 157, 35)",Indian Yellow,"('BRIGHT', 'WARM')"
Purple,#6f00ff,111,0,255,"(266, 255, 266)",Indigo,"('BRIGHT', 'COOL')"
Blue,#00416a,0,65,106,"(203, 255, 203)",Indigo (Dye),"('BRIGHT', 'COOL')"
Purple,#4b0082,75,0,130,"(275, 255, 275)",Indigo (Web),"('BRIGHT', 'WARM')"
Blue,#002fa7,0,47,167,"(223, 255, 223)",International Klein Blue,"('BRIGHT', 'COOL')"
Orange,#ff4f00,255,79,0,"(19, 255, 19)",International Orange (Aerospace),"('DARK', 'WARM')"
Orange,#ba160c,186,22,12,"(3, 239, 3)",International Orange (Engineering),"('NEUTRAL', 'WARM')"
Orange,#c0362c,192,54,44,"(4, 197, 4)",International Orange (Golden Gate Bridge),"('NEUTRAL', 'WARM')"
Blue,#5a4fcf,90,79,207,"(245, 158, 245)",Iris,"('BRIGHT', 'COOL')"
White,#f4f0ec,244,240,236,"(30, 8, 30)",Isabelline,"('NEUTRAL', 'WARM')"
Green,#009000,0,144,0,"(120, 255, 120)",Islamic Green,"('BRIGHT', 'COOL')"
White,#fffff0,255,255,240,"(60, 15, 60)",Ivory,"('NEUTRAL', 'WARM')"
Green,#00a86b,0,168,107,"(158, 255, 158)",Jade,"('BRIGHT', 'COOL')"
Yellow,#f8de7e,248,222,126,"(47, 125, 47)",Jasmine,"('BRIGHT', 'WARM')"
Red,#d73b3e,215,59,62,"(359, 185, 359)",Jasper,"('BRIGHT', 'WARM')"
Red,#a50b5e,165,11,94,"(328, 238, 328)",Jazzberry Jam,"('BRIGHT', 'WARM')"
Black,#343434,52,52,52,"(0, 0, 0)",Jet,"('NEUTRAL', 'WARM')"
Yellow,#fada5e,250,218,94,"(48, 159, 48)",Jonquil,"('BRIGHT', 'WARM')"
Green,#bdda57,189,218,87,"(73, 153, 73)",June Bud,"('BRIGHT', 'WARM')"
Green,#29ab87,41,171,135,"(163, 194, 163)",Jungle Green,"('BRIGHT', 'COOL')"
Green,#4cbb17,76,187,23,"(101, 224, 101)",Kelly Green,"('BRIGHT', 'COOL')"
Red,#7c1c05,124,28,5,"(12, 245, 12)",Kenyan Copper,"('NEUTRAL', 'WARM')"
Green,#c3b091,195,176,145,"(37, 65, 37)",Khaki (Html/Css) (Khaki),"('DARK', 'WARM')"
Beige,#f0e68c,240,230,140,"(54, 106, 54)",Khaki (X11) (Light Khaki),"('BRIGHT', 'WARM')"
Red,#e8000d,232,0,13,"(357, 255, 357)",Ku Crimson,"('BRIGHT', 'WARM')"
Green,#087830,8,120,48,"(141, 238, 141)",La Salle Green,"('BRIGHT', 'COOL')"
Gray,#d6cadd,214,202,221,"(278, 22, 278)",Languid Lavender,"('DARK', 'WARM')"
Blue,#26619c,38,97,156,"(210, 193, 210)",Lapis Lazuli,"('BRIGHT', 'COOL')"
Yellow,#fefe22,254,254,34,"(60, 221, 60)",Laser Lemon,"('BRIGHT', 'WARM')"
Green,#a9ba9d,169,186,157,"(95, 40, 95)",Laurel Green,"('BRIGHT', 'COOL')"
Red,#cf1020,207,16,32,"(355, 235, 355)",Lava,"('BRIGHT', 'WARM')"
Blue,#ccf,204,204,255,"(240, 51, 240)",Lavender Blue,"('BRIGHT', 'COOL')"
White,#fff0f5,255,240,245,"(340, 15, 340)",Lavender Blush,"('NEUTRAL', 'WARM')"
Purple,#b57edc,181,126,220,"(275, 109, 275)",Lavender (Floral),"('BRIGHT', 'WARM')"
Gray,#c4c3d0,196,195,208,"(245, 16, 245)",Lavender Gray,"('NEUTRAL', 'COOL')"
Purple,#9457eb,148,87,235,"(265, 161, 265)",Lavender Indigo,"('BRIGHT', 'COOL')"
Pink,#ee82ee,238,130,238,"(300, 116, 300)",Lavender Magenta,"('BRIGHT', 'WARM')"
White,#e6e6fa,230,230,250,"(240, 20, 240)",Lavender Mist,"('NEUTRAL', 'COOL')"
Pink,#fbaed2,251,174,210,"(332, 78, 332)",Lavender Pink,"('BRIGHT', 'WARM')"
Purple,#967bb6,150,123,182,"(267, 83, 267)",Lavender Purple,"('BRIGHT', 'COOL')"
Pink,#fba0e3,251,160,227,"(316, 92, 316)",Lavender Rose,"('BRIGHT', 'WARM')"
White,#e6e6fa,230,230,250,"(240, 20, 240)",Lavender (Web),"('NEUTRAL', 'COOL')"
Green,#7cfc00,124,252,0,"(90, 255, 90)",Lawn Green,"('BRIGHT', 'WARM')"
Yellow,#fff700,255,247,0,"(58, 255, 58)",Lemon,"('BRIGHT', 'WARM')"
Yellow,#fffacd,255,250,205,"(54, 50, 54)",Lemon Chiffon,"('DARK', 'WARM')"
Yellow,#e3ff00,227,255,0,"(67, 255, 67)",Lemon Lime,"('BRIGHT', 'WARM')"
Black,#1a1110,26,17,16,"(6, 98, 6)",Licorice,"('NEUTRAL', 'WARM')"
White,#fdd5b1,253,213,177,"(28, 77, 28)",Light Apricot,"('DARK', 'WARM')"
Blue,#add8e6,173,216,230,"(195, 63, 195)",Light Blue,"('BRIGHT', 'COOL')"
Brown,#b5651d,181,101,29,"(28, 214, 28)",Light Brown,"('BRIGHT', 'WARM')"
Pink,#e66771,230,103,113,"(355, 141, 355)",Light Carmine Pink,"('BRIGHT', 'WARM')"
Pink,#f08080,240,128,128,"(0, 119, 0)",Light Coral,"('NEUTRAL', 'WARM')"
Blue,#93ccea,147,204,234,"(201, 95, 201)",Light Cornflower Blue,"('BRIGHT', 'COOL')"
Pink,#f56991,245,105,145,"(343, 146, 343)",Light Crimson,"('BRIGHT', 'WARM')"
Blue,#e0ffff,224,255,255,"(180, 31, 180)",Light Cyan,"('DARK', 'COOL')"
Pink,#f984ef,249,132,239,"(305, 120, 305)",Light Fuchsia Pink,"('BRIGHT', 'WARM')"
Yellow,#fafad2,250,250,210,"(60, 41, 60)",Light Goldenrod Yellow,"('DARK', 'WARM')"
Gray,#d3d3d3,211,211,211,"(0, 0, 0)",Light Gray,"('NEUTRAL', 'WARM')"
Green,#90ee90,144,238,144,"(120, 101, 120)",Light Green,"('BRIGHT', 'COOL')"
Beige,#f0e68c,240,230,140,"(54, 106, 54)",Light Khaki,"('BRIGHT', 'WARM')"
Purple,#b19cd9,177,156,217,"(261, 72, 261)",Light Pastel Purple,"('BRIGHT', 'COOL')"
Pink,#ffb6c1,255,182,193,"(351, 73, 351)",Light Pink,"('BRIGHT', 'WARM')"
Red,#e97451,233,116,81,"(14, 166, 14)",Light Red Ochre,"('NEUTRAL', 'WARM')"
Orange,#ffa07a,255,160,122,"(17, 133, 17)",Light Salmon,"('DARK', 'WARM')"
Pink,#f99,255,153,153,"(0, 102, 0)",Light Salmon Pink,"('NEUTRAL', 'WARM')"
Green,#20b2aa,32,178,170,"(177, 209, 177)",Light Sea Green,"('BRIGHT', 'COOL')"
Blue,#87cefa,135,206,250,"(203, 117, 203)",Light Sky Blue,"('BRIGHT', 'COOL')"
Gray,#789,119,136,153,"(210, 57, 210)",Light Slate Gray,"('BRIGHT', 'COOL')"
Beige,#b38b6d,179,139,109,"(26, 100, 26)",Light Taupe,"('BRIGHT', 'WARM')"
Pink,#e68fac,230,143,172,"(340, 96, 340)",Light Thulian Pink,"('BRIGHT', 'WARM')"
Yellow,#ffffe0,255,255,224,"(60, 31, 60)",Light Yellow,"('DARK', 'WARM')"
Purple,#c8a2c8,200,162,200,"(300, 48, 300)",Lilac,"('BRIGHT', 'WARM')"
Yellow,#bfff00,191,255,0,"(75, 255, 75)",Lime (Color Wheel),"('BRIGHT', 'WARM')"
Green,#32cd32,50,205,50,"(120, 193, 120)",Lime Green,"('BRIGHT', 'COOL')"
Green,#0f0,0,255,0,"(120, 255, 120)",Lime (Web) (X11 Green),"('BRIGHT', 'COOL')"
Green,#9dc209,157,194,9,"(72, 243, 72)",Limerick,"('BRIGHT', 'WARM')"
Green,#195905,25,89,5,"(106, 241, 106)",Lincoln Green,"('BRIGHT', 'COOL')"
Beige,#faf0e6,250,240,230,"(30, 20, 30)",Linen,"('NEUTRAL', 'WARM')"
Brown,#c19a6b,193,154,107,"(33, 114, 33)",Lion,"('BRIGHT', 'WARM')"
Blue,#6ca0dc,108,160,220,"(212, 130, 212)",Little Boy Blue,"('BRIGHT', 'COOL')"
Purple,#534b4f,83,75,79,"(330, 25, 330)",Liver,"('DARK', 'WARM')"
Red,#e62020,230,32,32,"(0, 220, 0)",Lust,"('NEUTRAL', 'WARM')"
Pink,#f0f,255,0,255,"(300, 255, 300)",Magenta,"('BRIGHT', 'WARM')"
Red,#ca1f7b,202,31,123,"(328, 216, 328)",Magenta (Dye),"('BRIGHT', 'WARM')"
Pink,#ff0090,255,0,144,"(326, 255, 326)",Magenta (Process),"('BRIGHT', 'WARM')"
Blue,#aaf0d1,170,240,209,"(153, 74, 153)",Magic Mint,"('BRIGHT', 'COOL')"
White,#f8f4ff,248,244,255,"(262, 11, 262)",Magnolia,"('NEUTRAL', 'COOL')"
Orange,#c04000,192,64,0,"(20, 255, 20)",Mahogany,"('DARK', 'WARM')"
Yellow,#fbec5d,251,236,93,"(54, 161, 54)",Maize,"('BRIGHT', 'WARM')"
Blue,#6050dc,96,80,220,"(247, 162, 247)",Majorelle Blue,"('BRIGHT', 'COOL')"
Green,#0bda51,11,218,81,"(140, 242, 140)",Malachite,"('BRIGHT', 'COOL')"
Gray,#979aaa,151,154,170,"(231, 28, 231)",Manatee,"('DARK', 'COOL')"
Orange,#ff8243,255,130,67,"(20, 188, 20)",Mango Tango,"('DARK', 'WARM')"
Green,#74c365,116,195,101,"(110, 123, 110)",Mantis,"('BRIGHT', 'COOL')"
Purple,#880085,136,0,133,"(301, 255, 301)",Mardi Gras,"('BRIGHT', 'WARM')"
Red,#c32148,195,33,72,"(346, 212, 346)",Maroon (Crayola),"('BRIGHT', 'WARM')"
Red,#800000,128,0,0,"(0, 255, 0)",Maroon (Html/Css),"('NEUTRAL', 'WARM')"
Red,#b03060,176,48,96,"(338, 185, 338)",Maroon (X11),"('BRIGHT', 'WARM')"
Blue,#e0b0ff,224,176,255,"(276, 79, 276)",Mauve,"('BRIGHT', 'WARM')"
Brown,#915f6d,145,95,109,"(343, 88, 343)",Mauve Taupe,"('BRIGHT', 'WARM')"
Pink,#ef98aa,239,152,170,"(348, 93, 348)",Mauvelous,"('BRIGHT', 'WARM')"
Blue,#73c2fb,115,194,251,"(205, 138, 205)",Maya Blue,"('BRIGHT', 'COOL')"
Brown,#e5b73b,229,183,59,"(44, 189, 44)",Meat Brown,"('BRIGHT', 'WARM')"
Green,#6da,102,221,170,"(154, 137, 154)",Medium Aquamarine,"('BRIGHT', 'COOL')"
Blue,#0000cd,0,0,205,"(240, 255, 240)",Medium Blue,"('BRIGHT', 'COOL')"
Red,#e2062c,226,6,44,"(350, 248, 350)",Medium Candy Apple Red,"('BRIGHT', 'WARM')"
Orange,#af4035,175,64,53,"(5, 178, 5)",Medium Carmine,"('NEUTRAL', 'WARM')"
Beige,#f3e5ab,243,229,171,"(48, 76, 48)",Medium Champagne,"('BRIGHT', 'WARM')"
Blue,#035096,3,80,150,"(209, 250, 209)",Medium Electric Blue,"('BRIGHT', 'COOL')"
Green,#1c352d,28,53,45,"(161, 120, 161)",Medium Jungle Green,"('BRIGHT', 'COOL')"
Pink,#dda0dd,221,160,221,"(300, 70, 300)",Medium Lavender Magenta,"('BRIGHT', 'WARM')"
Purple,#ba55d3,186,85,211,"(288, 152, 288)",Medium Orchid,"('BRIGHT', 'WARM')"
Blue,#0067a5,0,103,165,"(203, 255, 203)",Medium Persian Blue,"('BRIGHT', 'COOL')"
Purple,#9370db,147,112,219,"(260, 125, 260)",Medium Purple,"('BRIGHT', 'COOL')"
Red,#bb3385,187,51,133,"(324, 185, 324)",Medium Red-Violet,"('BRIGHT', 'WARM')"
Red,#aa4069,170,64,105,"(337, 159, 337)",Medium Ruby,"('BRIGHT', 'WARM')"
Green,#3cb371,60,179,113,"(147, 170, 147)",Medium Sea Green,"('BRIGHT', 'COOL')"
Blue,#7b68ee,123,104,238,"(249, 144, 249)",Medium Slate Blue,"('BRIGHT', 'COOL')"
Green,#c9dc87,201,220,135,"(73, 99, 73)",Medium Spring Bud,"('BRIGHT', 'WARM')"
Green,#00fa9a,0,250,154,"(157, 255, 157)",Medium Spring Green,"('BRIGHT', 'COOL')"
Brown,#674c47,103,76,71,"(9, 79, 9)",Medium Taupe,"('NEUTRAL', 'WARM')"
Light Blue,#48d1cc,72,209,204,"(178, 167, 178)",Medium Turquoise,"('BRIGHT', 'COOL')"
Red,#79443b,121,68,59,"(9, 131, 9)",Medium Tuscan Red,"('NEUTRAL', 'WARM')"
Orange,#d9603b,217,96,59,"(14, 186, 14)",Medium Vermilion,"('NEUTRAL', 'WARM')"
Red,#c71585,199,21,133,"(322, 228, 322)",Medium Violet-Red,"('BRIGHT', 'WARM')"
Brown,#f8b878,248,184,120,"(30, 132, 30)",Mellow Apricot,"('BRIGHT', 'WARM')"
Yellow,#f8de7e,248,222,126,"(47, 125, 47)",Mellow Yellow,"('BRIGHT', 'WARM')"
Pink,#fdbcb4,253,188,180,"(7, 74, 7)",Melon,"('NEUTRAL', 'WARM')"
Blue,#191970,25,25,112,"(240, 198, 240)",Midnight Blue,"('BRIGHT', 'COOL')"
Green,#004953,0,73,83,"(187, 255, 187)",Midnight Green (Eagle Green),"('BRIGHT', 'COOL')"
Yellow,#ffc40c,255,196,12,"(45, 243, 45)",Mikado Yellow,"('BRIGHT', 'WARM')"
Green,#3eb489,62,180,137,"(158, 167, 158)",Mint,"('BRIGHT', 'COOL')"
White,#f5fffa,245,255,250,"(150, 10, 150)",Mint Cream,"('NEUTRAL', 'COOL')"
Green,#98ff98,152,255,152,"(120, 103, 120)",Mint Green,"('BRIGHT', 'COOL')"
Pink,#ffe4e1,255,228,225,"(6, 30, 6)",Misty Rose,"('NEUTRAL', 'WARM')"
White,#faebd7,250,235,215,"(34, 36, 34)",Moccasin,"('DARK', 'WARM')"
Beige,#967117,150,113,23,"(43, 216, 43)",Mode Beige,"('BRIGHT', 'WARM')"
Blue,#73a9c2,115,169,194,"(199, 104, 199)",Moonstone Blue,"('BRIGHT', 'COOL')"
Red,#ae0c00,174,12,0,"(4, 255, 4)",Mordant Red 19,"('NEUTRAL', 'WARM')"
Green,#addfad,173,223,173,"(120, 57, 120)",Moss Green,"('BRIGHT', 'COOL')"
Green,#30ba8f,48,186,143,"(161, 189, 161)",Mountain Meadow,"('BRIGHT', 'COOL')"
Pink,#997a8d,153,122,141,"(323, 52, 323)",Mountbatten Pink,"('BRIGHT', 'WARM')"
Green,#18453b,24,69,59,"(167, 166, 167)",Msu Green,"('BRIGHT', 'COOL')"
Pink,#c54b8c,197,75,140,"(328, 158, 328)",Mulberry,"('BRIGHT', 'WARM')"
Yellow,#ffdb58,255,219,88,"(47, 167, 47)",Mustard,"('BRIGHT', 'WARM')"
Green,#21421e,33,66,30,"(115, 139, 115)",Myrtle,"('BRIGHT', 'COOL')"
Pink,#f6adc6,246,173,198,"(339, 76, 339)",Nadeshiko Pink,"('BRIGHT', 'WARM')"
Green,#2a8000,42,128,0,"(100, 255, 100)",Napier Green,"('BRIGHT', 'COOL')"
Yellow,#fada5e,250,218,94,"(48, 159, 48)",Naples Yellow,"('BRIGHT', 'WARM')"
White,#ffdead,255,222,173,"(36, 82, 36)",Navajo White,"('DARK', 'WARM')"
Blue,#000080,0,0,128,"(240, 255, 240)",Navy Blue,"('BRIGHT', 'COOL')"
Orange,#ffa343,255,163,67,"(31, 188, 31)",Neon Carrot,"('BRIGHT', 'WARM')"
Red,#fe4164,254,65,100,"(349, 190, 349)",Neon Fuchsia,"('BRIGHT', 'WARM')"
Green,#39ff14,57,255,20,"(111, 235, 111)",Neon Green,"('BRIGHT', 'COOL')"
Pink,#d7837f,215,131,127,"(3, 104, 3)",New York Pink,"('NEUTRAL', 'WARM')"
Blue,#a4dded,164,221,237,"(193, 79, 193)",Non-Photo Blue,"('BRIGHT', 'COOL')"
Green,#059033,5,144,51,"(140, 246, 140)",North Texas Green,"('BRIGHT', 'COOL')"
Blue,#0077be,0,119,190,"(202, 255, 202)",Ocean Boat Blue,"('BRIGHT', 'COOL')"
Brown,#c72,204,119,34,"(30, 212, 30)",Ochre,"('BRIGHT', 'WARM')"
Green,#008000,0,128,0,"(120, 255, 120)",Office Green,"('BRIGHT', 'COOL')"
Brown,#cfb53b,207,181,59,"(49, 182, 49)",Old Gold,"('BRIGHT', 'WARM')"
Beige,#fdf5e6,253,245,230,"(39, 23, 39)",Old Lace,"('DARK', 'WARM')"
Gray,#796878,121,104,120,"(304, 36, 304)",Old Lavender,"('BRIGHT', 'WARM')"
Red,#673147,103,49,71,"(336, 134, 336)",Old Mauve,"('BRIGHT', 'WARM')"
Beige,#c08081,192,128,129,"(359, 85, 359)",Old Rose,"('BRIGHT', 'WARM')"
Green,#808000,128,128,0,"(60, 255, 60)",Olive,"('BRIGHT', 'WARM')"
Black,#3c341f,60,52,31,"(43, 123, 43)",Olive Drab #7,"('BRIGHT', 'WARM')"
Green,#6b8e23,107,142,35,"(80, 192, 80)",Olive Drab (Web) (Olive Drab #3),"('BRIGHT', 'WARM')"
Green,#9ab973,154,185,115,"(87, 96, 87)",Olivine,"('BRIGHT', 'WARM')"
Black,#353839,53,56,57,"(195, 18, 195)",Onyx,"('NEUTRAL', 'COOL')"
Brown,#b784a7,183,132,167,"(319, 71, 319)",Opera Mauve,"('BRIGHT', 'WARM')"
Orange,#ff7f00,255,127,0,"(30, 255, 30)",Orange (Color Wheel),"('BRIGHT', 'WARM')"
Orange,#ff9f00,255,159,0,"(37, 255, 37)",Orange Peel,"('BRIGHT', 'WARM')"
Red,#ff4500,255,69,0,"(16, 255, 16)",Orange-Red,"('NEUTRAL', 'WARM')"
Orange,#fb9902,251,153,2,"(36, 253, 36)",Orange (Ryb),"('BRIGHT', 'WARM')"
Orange,#ffa500,255,165,0,"(39, 255, 39)",Orange (Web Color),"('BRIGHT', 'WARM')"
Pink,#da70d6,218,112,214,"(302, 124, 302)",Orchid,"('BRIGHT', 'WARM')"
Brown,#654321,101,67,33,"(30, 172, 30)",Otter Brown,"('BRIGHT', 'WARM')"
Red,#900,153,0,0,"(0, 255, 0)",Ou Crimson Red,"('NEUTRAL', 'WARM')"
Gray,#414a4c,65,74,76,"(191, 37, 191)",Outer Space,"('BRIGHT', 'COOL')"
Orange,#ff6e4a,255,110,74,"(12, 181, 12)",Outrageous Orange,"('NEUTRAL', 'WARM')"
Blue,#002147,0,33,71,"(212, 255, 212)",Oxford Blue,"('BRIGHT', 'COOL')"
Green,#060,0,102,0,"(120, 255, 120)",Pakistan Green,"('BRIGHT', 'COOL')"
Blue,#273be2,39,59,226,"(234, 211, 234)",Palatinate Blue,"('BRIGHT', 'COOL')"
Purple,#682860,104,40,96,"(308, 157, 308)",Palatinate Purple,"('BRIGHT', 'WARM')"
Blue,#bcd4e6,188,212,230,"(206, 47, 206)",Pale Aqua,"('BRIGHT', 'COOL')"
Blue,#afeeee,175,238,238,"(180, 68, 180)",Pale Blue,"('BRIGHT', 'COOL')"
Brown,#987654,152,118,84,"(30, 114, 30)",Pale Brown,"('BRIGHT', 'WARM')"
Orange,#af4035,175,64,53,"(5, 178, 5)",Pale Carmine,"('NEUTRAL', 'WARM')"
Blue,#9bc4e2,155,196,226,"(205, 80, 205)",Pale Cerulean,"('BRIGHT', 'COOL')"
Pink,#ddadaf,221,173,175,"(358, 55, 358)",Pale Chestnut,"('BRIGHT', 'WARM')"
Orange,#da8a67,218,138,103,"(18, 135, 18)",Pale Copper,"('DARK', 'WARM')"
Blue,#abcdef,171,205,239,"(210, 73, 210)",Pale Cornflower Blue,"('BRIGHT', 'COOL')"
Orange,#e6be8a,230,190,138,"(34, 102, 34)",Pale Gold,"('BRIGHT', 'WARM')"
Beige,#eee8aa,238,232,170,"(55, 73, 55)",Pale Goldenrod,"('BRIGHT', 'WARM')"
Green,#98fb98,152,251,152,"(120, 101, 120)",Pale Green,"('BRIGHT', 'COOL')"
Blue,#dcd0ff,220,208,255,"(255, 47, 255)",Pale Lavender,"('BRIGHT', 'COOL')"
Pink,#f984e5,249,132,229,"(310, 120, 310)",Pale Magenta,"('BRIGHT', 'WARM')"
Pink,#fadadd,250,218,221,"(354, 33, 354)",Pale Pink,"('DARK', 'WARM')"
Pink,#dda0dd,221,160,221,"(300, 70, 300)",Pale Plum,"('BRIGHT', 'WARM')"
Red,#db7093,219,112,147,"(340, 125, 340)",Pale Red-Violet,"('BRIGHT', 'WARM')"
Blue,#96ded1,150,222,209,"(169, 83, 169)",Pale Robin Egg Blue,"('BRIGHT', 'COOL')"
Gray,#c9c0bb,201,192,187,"(21, 18, 21)",Pale Silver,"('NEUTRAL', 'WARM')"
Beige,#ecebbd,236,235,189,"(59, 51, 59)",Pale Spring Bud,"('DARK', 'WARM')"
Beige,#bc987e,188,152,126,"(25, 84, 25)",Pale Taupe,"('DARK', 'WARM')"
Red,#db7093,219,112,147,"(340, 125, 340)",Pale Violet-Red,"('BRIGHT', 'WARM')"
Purple,#78184a,120,24,74,"(329, 204, 329)",Pansy Purple,"('BRIGHT', 'WARM')"
White,#ffefd5,255,239,213,"(37, 42, 37)",Papaya Whip,"('DARK', 'WARM')"
Green,#50c878,80,200,120,"(140, 153, 140)",Paris Green,"('BRIGHT', 'COOL')"
Blue,#aec6cf,174,198,207,"(196, 41, 196)",Pastel Blue,"('BRIGHT', 'COOL')"
Brown,#836953,131,105,83,"(28, 93, 28)",Pastel Brown,"('DARK', 'WARM')"
Gray,#cfcfc4,207,207,196,"(60, 14, 60)",Pastel Gray,"('NEUTRAL', 'WARM')"
Green,#7d7,119,221,119,"(120, 118, 120)",Pastel Green,"('BRIGHT', 'COOL')"
Pink,#f49ac2,244,154,194,"(333, 94, 333)",Pastel Magenta,"('BRIGHT', 'WARM')"
Orange,#ffb347,255,179,71,"(35, 184, 35)",Pastel Orange,"('BRIGHT', 'WARM')"
Pink,#dea5a4,222,165,164,"(1, 67, 1)",Pastel Pink,"('NEUTRAL', 'WARM')"
Purple,#b39eb5,179,158,181,"(295, 32, 295)",Pastel Purple,"('DARK', 'WARM')"
Red,#ff6961,255,105,97,"(3, 158, 3)",Pastel Red,"('NEUTRAL', 'WARM')"
Purple,#cb99c9,203,153,201,"(302, 63, 302)",Pastel Violet,"('BRIGHT', 'WARM')"
Yellow,#fdfd96,253,253,150,"(60, 104, 60)",Pastel Yellow,"('BRIGHT', 'WARM')"
Purple,#800080,128,0,128,"(300, 255, 300)",Patriarch,"('BRIGHT', 'WARM')"
Blue,#536878,83,104,120,"(206, 79, 206)",Payne'S Grey,"('BRIGHT', 'COOL')"
White,#ffe5b4,255,229,180,"(39, 75, 39)",Peach,"('DARK', 'WARM')"
Orange,#ffcba4,255,203,164,"(26, 91, 26)",Peach (Crayola),"('DARK', 'WARM')"
Orange,#fc9,255,204,153,"(30, 102, 30)",Peach-Orange,"('BRIGHT', 'WARM')"
White,#ffdab9,255,218,185,"(28, 70, 28)",Peach Puff,"('DARK', 'WARM')"
Yellow,#fadfad,250,223,173,"(39, 79, 39)",Peach-Yellow,"('DARK', 'WARM')"
Yellow,#d1e231,209,226,49,"(66, 200, 66)",Pear,"('BRIGHT', 'WARM')"
Pink,#eae0c8,234,224,200,"(42, 37, 42)",Pearl,"('DARK', 'WARM')"
Blue,#88d8c0,136,216,192,"(162, 94, 162)",Pearl Aqua,"('BRIGHT', 'COOL')"
Purple,#b768a2,183,104,162,"(316, 110, 316)",Pearly Purple,"('BRIGHT', 'WARM')"
Yellow,#e6e200,230,226,0,"(59, 255, 59)",Peridot,"('BRIGHT', 'WARM')"
Blue,#ccf,204,204,255,"(240, 51, 240)",Periwinkle,"('BRIGHT', 'COOL')"
Blue,#1c39bb,28,57,187,"(229, 217, 229)",Persian Blue,"('BRIGHT', 'COOL')"
Green,#00a693,0,166,147,"(173, 255, 173)",Persian Green,"('BRIGHT', 'COOL')"
Blue,#32127a,50,18,122,"(258, 217, 258)",Persian Indigo,"('BRIGHT', 'COOL')"
Orange,#d99058,217,144,88,"(26, 152, 26)",Persian Orange,"('BRIGHT', 'WARM')"
Pink,#f77fbe,247,127,190,"(328, 124, 328)",Persian Pink,"('BRIGHT', 'WARM')"
Red,#701c1c,112,28,28,"(0, 191, 0)",Persian Plum,"('NEUTRAL', 'WARM')"
Red,#c33,204,51,51,"(0, 191, 0)",Persian Red,"('NEUTRAL', 'WARM')"
Pink,#fe28a2,254,40,162,"(326, 215, 326)",Persian Rose,"('BRIGHT', 'WARM')"
Orange,#ec5800,236,88,0,"(22, 255, 22)",Persimmon,"('DARK', 'WARM')"
Orange,#cd853f,205,133,63,"(30, 177, 30)",Peru,"('BRIGHT', 'WARM')"
Purple,#df00ff,223,0,255,"(292, 255, 292)",Phlox,"('BRIGHT', 'WARM')"
Blue,#000f89,0,15,137,"(233, 255, 233)",Phthalo Blue,"('BRIGHT', 'COOL')"
Green,#123524,18,53,36,"(151, 168, 151)",Phthalo Green,"('BRIGHT', 'COOL')"
Pink,#fddde6,253,221,230,"(343, 32, 343)",Piggy Pink,"('DARK', 'WARM')"
Green,#01796f,1,121,111,"(175, 253, 175)",Pine Green,"('BRIGHT', 'COOL')"
Pink,#ffc0cb,255,192,203,"(350, 63, 350)",Pink,"('BRIGHT', 'WARM')"
Pink,#ffddf4,255,221,244,"(319, 34, 319)",Pink Lace,"('DARK', 'WARM')"
Orange,#f96,255,153,102,"(20, 153, 20)",Pink-Orange,"('DARK', 'WARM')"
Pink,#e7accf,231,172,207,"(324, 65, 324)",Pink Pearl,"('BRIGHT', 'WARM')"
Pink,#f78fa7,247,143,167,"(346, 107, 346)",Pink Sherbet,"('BRIGHT', 'WARM')"
Green,#93c572,147,197,114,"(96, 107, 96)",Pistachio,"('BRIGHT', 'COOL')"
Pink,#e5e4e2,229,228,226,"(40, 3, 40)",Platinum,"('NEUTRAL', 'WARM')"
Purple,#8e4585,142,69,133,"(307, 131, 307)",Plum (Traditional),"('BRIGHT', 'WARM')"
Pink,#dda0dd,221,160,221,"(300, 70, 300)",Plum (Web),"('BRIGHT', 'WARM')"
Orange,#ff5a36,255,90,54,"(11, 201, 11)",Portland Orange,"('NEUTRAL', 'WARM')"
Blue,#b0e0e6,176,224,230,"(187, 60, 187)",Powder Blue (Web),"('BRIGHT', 'COOL')"
Orange,#ff8f00,255,143,0,"(34, 255, 34)",Princeton Orange,"('BRIGHT', 'WARM')"
Red,#701c1c,112,28,28,"(0, 191, 0)",Prune,"('NEUTRAL', 'WARM')"
Blue,#003153,0,49,83,"(205, 255, 205)",Prussian Blue,"('BRIGHT', 'COOL')"
Purple,#df00ff,223,0,255,"(292, 255, 292)",Psychedelic Purple,"('BRIGHT', 'WARM')"
Brown,#c89,204,136,153,"(345, 85, 345)",Puce,"('BRIGHT', 'WARM')"
Orange,#ff7518,255,117,24,"(24, 231, 24)",Pumpkin,"('DARK', 'WARM')"
Purple,#69359c,105,53,156,"(270, 168, 270)",Purple Heart,"('BRIGHT', 'COOL')"
Purple,#800080,128,0,128,"(300, 255, 300)",Purple (Html/Css),"('BRIGHT', 'WARM')"
Purple,#9678b6,150,120,182,"(269, 87, 269)",Purple Mountain Majesty,"('BRIGHT', 'COOL')"
Purple,#9f00c5,159,0,197,"(288, 255, 288)",Purple (Munsell),"('BRIGHT', 'WARM')"
Purple,#fe4eda,254,78,218,"(312, 177, 312)",Purple Pizzazz,"('BRIGHT', 'WARM')"
Purple,#50404d,80,64,77,"(311, 51, 311)",Purple Taupe,"('BRIGHT', 'WARM')"
Purple,#a020f0,160,32,240,"(277, 221, 277)",Purple (X11),"('BRIGHT', 'WARM')"
Purple,#51484f,81,72,79,"(313, 28, 313)",Quartz,"('DARK', 'WARM')"
Blue,#5d8aa8,93,138,168,"(204, 114, 204)",Rackley,"('BRIGHT', 'COOL')"
Red,#ff355e,255,53,94,"(348, 202, 348)",Radical Red,"('BRIGHT', 'WARM')"
Brown,#fbab60,251,171,96,"(29, 157, 29)",Rajah,"('BRIGHT', 'WARM')"
Red,#e30b5d,227,11,93,"(337, 243, 337)",Raspberry,"('BRIGHT', 'WARM')"
Brown,#915f6d,145,95,109,"(343, 88, 343)",Raspberry Glace,"('BRIGHT', 'WARM')"
Pink,#e25098,226,80,152,"(330, 165, 330)",Raspberry Pink,"('BRIGHT', 'WARM')"
Red,#b3446c,179,68,108,"(338, 158, 338)",Raspberry Rose,"('BRIGHT', 'WARM')"
Brown,#826644,130,102,68,"(33, 122, 33)",Raw Umber,"('BRIGHT', 'WARM')"
Purple,#f3c,255,51,204,"(315, 204, 315)",Razzle Dazzle Rose,"('BRIGHT', 'WARM')"
Pink,#e3256b,227,37,107,"(338, 213, 338)",Razzmatazz,"('BRIGHT', 'WARM')"
Red,#f00,255,0,0,"(0, 255, 0)",Red,"('NEUTRAL', 'WARM')"
Red,#a52a2a,165,42,42,"(0, 190, 0)",Red-Brown,"('NEUTRAL', 'WARM')"
Red,#860111,134,1,17,"(353, 253, 353)",Red Devil,"('BRIGHT', 'WARM')"
Red,#f2003c,242,0,60,"(345, 255, 345)",Red (Munsell),"('BRIGHT', 'WARM')"
Red,#c40233,196,2,51,"(345, 252, 345)",Red (Ncs),"('BRIGHT', 'WARM')"
Red,#ff5349,255,83,73,"(3, 182, 3)",Red-Orange,"('NEUTRAL', 'WARM')"
Red,#ed1c24,237,28,36,"(358, 225, 358)",Red (Pigment),"('BRIGHT', 'WARM')"
Red,#fe2712,254,39,18,"(5, 237, 5)",Red (Ryb),"('NEUTRAL', 'WARM')"
Red,#c71585,199,21,133,"(322, 228, 322)",Red-Violet,"('BRIGHT', 'WARM')"
Red,#ab4e52,171,78,82,"(357, 139, 357)",Redwood,"('BRIGHT', 'WARM')"
Blue,#522d80,82,45,128,"(267, 165, 267)",Regalia,"('BRIGHT', 'COOL')"
Blue,#002387,0,35,135,"(224, 255, 224)",Resolution Blue,"('BRIGHT', 'COOL')"
Black,#004040,0,64,64,"(180, 255, 180)",Rich Black,"('BRIGHT', 'COOL')"
Pink,#f1a7fe,241,167,254,"(291, 87, 291)",Rich Brilliant Lavender,"('BRIGHT', 'WARM')"
Red,#d70040,215,0,64,"(342, 255, 342)",Rich Carmine,"('BRIGHT', 'WARM')"
Blue,#0892d0,8,146,208,"(199, 245, 199)",Rich Electric Blue,"('BRIGHT', 'COOL')"
Purple,#a76bcf,167,107,207,"(276, 123, 276)",Rich Lavender,"('BRIGHT', 'WARM')"
Purple,#b666d2,182,102,210,"(284, 131, 284)",Rich Lilac,"('BRIGHT', 'WARM')"
Red,#b03060,176,48,96,"(338, 185, 338)",Rich Maroon,"('BRIGHT', 'WARM')"
Green,#414833,65,72,51,"(80, 74, 80)",Rifle Green,"('BRIGHT', 'WARM')"
Blue,#0cc,0,204,204,"(180, 255, 180)",Robin Egg Blue,"('BRIGHT', 'COOL')"
Pink,#ff007f,255,0,127,"(330, 255, 330)",Rose,"('BRIGHT', 'WARM')"
Pink,#f9429e,249,66,158,"(330, 187, 330)",Rose Bonbon,"('BRIGHT', 'WARM')"
Red,#674846,103,72,70,"(4, 82, 4)",Rose Ebony,"('NEUTRAL', 'WARM')"
Beige,#b76e79,183,110,121,"(351, 102, 351)",Rose Gold,"('BRIGHT', 'WARM')"
Pink,#e32636,227,38,54,"(355, 212, 355)",Rose Madder,"('BRIGHT', 'WARM')"
Pink,#f6c,255,102,204,"(320, 153, 320)",Rose Pink,"('BRIGHT', 'WARM')"
Purple,#aa98a9,170,152,169,"(303, 27, 303)",Rose Quartz,"('DARK', 'WARM')"
Brown,#905d5d,144,93,93,"(0, 90, 0)",Rose Taupe,"('NEUTRAL', 'WARM')"
Red,#ab4e52,171,78,82,"(357, 139, 357)",Rose Vale,"('BRIGHT', 'WARM')"
Red,#65000b,101,0,11,"(353, 255, 353)",Rosewood,"('BRIGHT', 'WARM')"
Red,#d40000,212,0,0,"(0, 255, 0)",Rosso Corsa,"('NEUTRAL', 'WARM')"
Brown,#bc8f8f,188,143,143,"(0, 61, 0)",Rosy Brown,"('NEUTRAL', 'WARM')"
Blue,#0038a8,0,56,168,"(220, 255, 220)",Royal Azure,"('BRIGHT', 'COOL')"
Blue,#002366,0,35,102,"(219, 255, 219)",Royal Blue (Traditional),"('BRIGHT', 'COOL')"
Blue,#4169e1,65,105,225,"(225, 181, 225)",Royal Blue (Web),"('BRIGHT', 'COOL')"
Red,#ca2c92,202,44,146,"(321, 199, 321)",Royal Fuchsia,"('BRIGHT', 'WARM')"
Purple,#7851a9,120,81,169,"(267, 133, 267)",Royal Purple,"('BRIGHT', 'COOL')"
Yellow,#fada5e,250,218,94,"(48, 159, 48)",Royal Yellow,"('BRIGHT', 'WARM')"
Red,#d10056,209,0,86,"(335, 255, 335)",Rubine Red,"('BRIGHT', 'WARM')"
Red,#e0115f,224,17,95,"(337, 236, 337)",Ruby,"('BRIGHT', 'WARM')"
Red,#9b111e,155,17,30,"(354, 227, 354)",Ruby Red,"('BRIGHT', 'WARM')"
Red,#ff0028,255,0,40,"(351, 255, 351)",Ruddy,"('BRIGHT', 'WARM')"
Brown,#bb6528,187,101,40,"(25, 200, 25)",Ruddy Brown,"('BRIGHT', 'WARM')"
Pink,#e18e96,225,142,150,"(354, 94, 354)",Ruddy Pink,"('BRIGHT', 'WARM')"
Red,#a81c07,168,28,7,"(8, 244, 8)",Rufous,"('NEUTRAL', 'WARM')"
Brown,#80461b,128,70,27,"(26, 201, 26)",Russet,"('BRIGHT', 'WARM')"
Red,#b7410e,183,65,14,"(18, 235, 18)",Rust,"('DARK', 'WARM')"
Red,#da2c43,218,44,67,"(352, 204, 352)",Rusty Red,"('BRIGHT', 'WARM')"
Green,#00563f,0,86,63,"(164, 255, 164)",Sacramento State Green,"('BRIGHT', 'COOL')"
Brown,#8b4513,139,69,19,"(25, 220, 25)",Saddle Brown,"('BRIGHT', 'WARM')"
Orange,#ff6700,255,103,0,"(24, 255, 24)",Safety Orange (Blaze Orange),"('DARK', 'WARM')"
Yellow,#f4c430,244,196,48,"(45, 205, 45)",Saffron,"('BRIGHT', 'WARM')"
Orange,#ff8c69,255,140,105,"(14, 150, 14)",Salmon,"('NEUTRAL', 'WARM')"
Pink,#ff91a4,255,145,164,"(350, 110, 350)",Salmon Pink,"('BRIGHT', 'WARM')"
Brown,#c2b280,194,178,128,"(45, 87, 45)",Sand,"('BRIGHT', 'WARM')"
Beige,#967117,150,113,23,"(43, 216, 43)",Sand Dune,"('BRIGHT', 'WARM')"
Yellow,#ecd540,236,213,64,"(52, 186, 52)",Sandstorm,"('BRIGHT', 'WARM')"
Brown,#f4a460,244,164,96,"(28, 155, 28)",Sandy Brown,"('BRIGHT', 'WARM')"
Beige,#967117,150,113,23,"(43, 216, 43)",Sandy Taupe,"('BRIGHT', 'WARM')"
Red,#92000a,146,0,10,"(356, 255, 356)",Sangria,"('BRIGHT', 'WARM')"
Green,#507d2a,80,125,42,"(93, 169, 93)",Sap Green,"('BRIGHT', 'COOL')"
Blue,#0f52ba,15,82,186,"(216, 234, 216)",Sapphire,"('BRIGHT', 'COOL')"
Blue,#0067a5,0,103,165,"(203, 255, 203)",Sapphire Blue,"('BRIGHT', 'COOL')"
Brown,#cba135,203,161,53,"(43, 188, 43)",Satin Sheen Gold,"('BRIGHT', 'WARM')"
Red,#ff2400,255,36,0,"(8, 255, 8)",Scarlet,"('NEUTRAL', 'WARM')"
Red,#fd0e35,253,14,53,"(350, 241, 350)",Scarlet (Crayola),"('BRIGHT', 'WARM')"
Yellow,#ffd800,255,216,0,"(51, 255, 51)",School Bus Yellow,"('BRIGHT', 'WARM')"
Green,#76ff7a,118,255,122,"(122, 137, 122)",Screamin' Green,"('BRIGHT', 'COOL')"
Blue,#006994,0,105,148,"(197, 255, 197)",Sea Blue,"('BRIGHT', 'COOL')"
Green,#2e8b57,46,139,87,"(146, 171, 146)",Sea Green,"('BRIGHT', 'COOL')"
Brown,#321414,50,20,20,"(0, 153, 0)",Seal Brown,"('NEUTRAL', 'WARM')"
White,#fff5ee,255,245,238,"(25, 17, 25)",Seashell,"('NEUTRAL', 'WARM')"
Yellow,#ffba00,255,186,0,"(44, 255, 44)",Selective Yellow,"('BRIGHT', 'WARM')"
Brown,#704214,112,66,20,"(30, 209, 30)",Sepia,"('BRIGHT', 'WARM')"
Brown,#8a795d,138,121,93,"(37, 83, 37)",Shadow,"('DARK', 'WARM')"
Green,#009e60,0,158,96,"(156, 255, 156)",Shamrock Green,"('BRIGHT', 'COOL')"
Pink,#fc0fc0,252,15,192,"(315, 240, 315)",Shocking Pink,"('BRIGHT', 'WARM')"
Pink,#ff6fff,255,111,255,"(300, 144, 300)",Shocking Pink (Crayola),"('BRIGHT', 'WARM')"
Red,#882d17,136,45,23,"(12, 212, 12)",Sienna,"('NEUTRAL', 'WARM')"
Gray,#c0c0c0,192,192,192,"(0, 0, 0)",Silver,"('NEUTRAL', 'WARM')"
Orange,#cb410b,203,65,11,"(17, 241, 17)",Sinopia,"('DARK', 'WARM')"
Green,#007474,0,116,116,"(180, 255, 180)",Skobeloff,"('BRIGHT', 'COOL')"
Blue,#87ceeb,135,206,235,"(197, 109, 197)",Sky Blue,"('BRIGHT', 'COOL')"
Pink,#cf71af,207,113,175,"(320, 116, 320)",Sky Magenta,"('BRIGHT', 'WARM')"
Blue,#6a5acd,106,90,205,"(248, 143, 248)",Slate Blue,"('BRIGHT', 'COOL')"
Gray,#708090,112,128,144,"(210, 57, 210)",Slate Gray,"('BRIGHT', 'COOL')"
Blue,#039,0,51,153,"(220, 255, 220)",Smalt (Dark Powder Blue),"('BRIGHT', 'COOL')"
Red,#933d41,147,61,65,"(357, 149, 357)",Smokey Topaz,"('BRIGHT', 'WARM')"
Black,#100c08,16,12,8,"(30, 128, 30)",Smoky Black,"('BRIGHT', 'WARM')"
White,#fffafa,255,250,250,"(0, 5, 0)",Snow,"('NEUTRAL', 'WARM')"
Blue,#0fc0fc,15,192,252,"(195, 240, 195)",Spiro Disco Ball,"('BRIGHT', 'COOL')"
Yellow,#a7fc00,167,252,0,"(80, 255, 80)",Spring Bud,"('BRIGHT', 'WARM')"
Green,#00ff7f,0,255,127,"(150, 255, 150)",Spring Green,"('BRIGHT', 'COOL')"
Blue,#23297a,35,41,122,"(236, 182, 236)",St. Patrick'S Blue,"('BRIGHT', 'COOL')"
Blue,#4682b4,70,130,180,"(207, 156, 207)",Steel Blue,"('BRIGHT', 'COOL')"
Yellow,#fada5e,250,218,94,"(48, 159, 48)",Stil De Grain Yellow,"('BRIGHT', 'WARM')"
Red,#900,153,0,0,"(0, 255, 0)",Stizza,"('NEUTRAL', 'WARM')"
Blue,#4f666a,79,102,106,"(189, 65, 189)",Stormcloud,"('BRIGHT', 'COOL')"
Yellow,#e4d96f,228,217,111,"(54, 131, 54)",Straw,"('BRIGHT', 'WARM')"
Yellow,#fc3,255,204,51,"(45, 204, 45)",Sunglow,"('BRIGHT', 'WARM')"
Yellow,#fad6a5,250,214,165,"(35, 87, 35)",Sunset,"('BRIGHT', 'WARM')"
Pink,#d2b48c,210,180,140,"(34, 85, 34)",Tan,"('DARK', 'WARM')"
Orange,#f94d00,249,77,0,"(19, 255, 19)",Tangelo,"('DARK', 'WARM')"
Orange,#f28500,242,133,0,"(33, 255, 33)",Tangerine,"('BRIGHT', 'WARM')"
Yellow,#fc0,255,204,0,"(48, 255, 48)",Tangerine Yellow,"('BRIGHT', 'WARM')"
Pink,#e4717a,228,113,122,"(355, 129, 355)",Tango Pink,"('BRIGHT', 'WARM')"
Black,#483c32,72,60,50,"(27, 78, 27)",Taupe,"('DARK', 'WARM')"
Gray,#8b8589,139,133,137,"(320, 11, 320)",Taupe Gray,"('NEUTRAL', 'WARM')"
Green,#d0f0c0,208,240,192,"(100, 51, 100)",Tea Green,"('BRIGHT', 'COOL')"
Orange,#f88379,248,131,121,"(5, 131, 5)",Tea Rose (Orange),"('NEUTRAL', 'WARM')"
Pink,#f4c2c2,244,194,194,"(0, 52, 0)",Tea Rose (Rose),"('NEUTRAL', 'WARM')"
Green,#008080,0,128,128,"(180, 255, 180)",Teal,"('BRIGHT', 'COOL')"
Blue,#367588,54,117,136,"(194, 154, 194)",Teal Blue,"('BRIGHT', 'COOL')"
Green,#00827f,0,130,127,"(179, 255, 179)",Teal Green,"('BRIGHT', 'COOL')"
Pink,#cf3476,207,52,118,"(334, 191, 334)",Telemagenta,"('BRIGHT', 'WARM')"
Orange,#cd5700,205,87,0,"(25, 255, 25)",Tenné (Tawny),"('BRIGHT', 'WARM')"
Red,#e2725b,226,114,91,"(10, 152, 10)",Terra Cotta,"('NEUTRAL', 'WARM')"
Gray,#d8bfd8,216,191,216,"(300, 30, 300)",Thistle,"('DARK', 'WARM')"
Pink,#de6fa1,222,111,161,"(333, 128, 333)",Thulian Pink,"('BRIGHT', 'WARM')"
Pink,#fc89ac,252,137,172,"(342, 116, 342)",Tickle Me Pink,"('BRIGHT', 'WARM')"
Blue,#0abab5,10,186,181,"(178, 241, 178)",Tiffany Blue,"('BRIGHT', 'COOL')"
Orange,#e08d3c,224,141,60,"(30, 187, 30)",Tiger'S Eye,"('BRIGHT', 'WARM')"
Beige,#dbd7d2,219,215,210,"(33, 10, 33)",Timberwolf,"('NEUTRAL', 'WARM')"
Yellow,#eee600,238,230,0,"(58, 255, 58)",Titanium Yellow,"('BRIGHT', 'WARM')"
Orange,#ff6347,255,99,71,"(9, 184, 9)",Tomato,"('NEUTRAL', 'WARM')"
Blue,#746cc0,116,108,192,"(246, 112, 246)",Toolbox,"('BRIGHT', 'COOL')"
Yellow,#ffc87c,255,200,124,"(35, 131, 35)",Topaz,"('BRIGHT', 'WARM')"
Red,#fd0e35,253,14,53,"(350, 241, 350)",Tractor Red,"('BRIGHT', 'WARM')"
Gray,#808080,128,128,128,"(0, 0, 0)",Trolley Grey,"('NEUTRAL', 'WARM')"
Green,#00755e,0,117,94,"(168, 255, 168)",Tropical Rain Forest,"('BRIGHT', 'COOL')"
Blue,#0073cf,0,115,207,"(207, 255, 207)",True Blue,"('BRIGHT', 'COOL')"
Blue,#417dc1,65,125,193,"(212, 169, 212)",Tufts Blue,"('BRIGHT', 'COOL')"
Pink,#deaa88,222,170,136,"(24, 99, 24)",Tumbleweed,"('DARK', 'WARM')"
Beige,#b57281,181,114,129,"(347, 94, 347)",Turkish Rose,"('BRIGHT', 'WARM')"
Blue,#30d5c8,48,213,200,"(175, 198, 175)",Turquoise,"('BRIGHT', 'COOL')"
Blue,#00ffef,0,255,239,"(176, 255, 176)",Turquoise Blue,"('BRIGHT', 'COOL')"
Green,#a0d6b4,160,214,180,"(142, 64, 142)",Turquoise Green,"('BRIGHT', 'COOL')"
Red,#7c4848,124,72,72,"(0, 107, 0)",Tuscan Red,"('NEUTRAL', 'WARM')"
Red,#8a496b,138,73,107,"(329, 120, 329)",Twilight Lavender,"('BRIGHT', 'WARM')"
Purple,#66023c,102,2,60,"(325, 250, 325)",Tyrian Purple,"('BRIGHT', 'WARM')"
Blue,#03a,0,51,170,"(222, 255, 222)",Ua Blue,"('BRIGHT', 'COOL')"
Red,#d9004c,217,0,76,"(339, 255, 339)",Ua Red,"('BRIGHT', 'WARM')"
Purple,#8878c3,136,120,195,"(253, 98, 253)",Ube,"('BRIGHT', 'COOL')"
Blue,#536895,83,104,149,"(221, 113, 221)",Ucla Blue,"('BRIGHT', 'COOL')"
Yellow,#ffb300,255,179,0,"(42, 255, 42)",Ucla Gold,"('BRIGHT', 'WARM')"
Green,#3cd070,60,208,112,"(141, 181, 141)",Ufo Green,"('BRIGHT', 'COOL')"
Pink,#ff6fff,255,111,255,"(300, 144, 300)",Ultra Pink,"('BRIGHT', 'WARM')"
Blue,#120a8f,18,10,143,"(244, 237, 244)",Ultramarine,"('BRIGHT', 'COOL')"
Blue,#4166f5,65,102,245,"(228, 187, 228)",Ultramarine Blue,"('BRIGHT', 'COOL')"
Brown,#635147,99,81,71,"(21, 72, 21)",Umber,"('NEUTRAL', 'WARM')"
Pink,#ffddca,255,221,202,"(22, 53, 22)",Unbleached Silk,"('DARK', 'WARM')"
Blue,#5b92e5,91,146,229,"(216, 154, 216)",United Nations Blue,"('BRIGHT', 'COOL')"
Brown,#b78727,183,135,39,"(40, 201, 40)",University Of California Gold,"('BRIGHT', 'WARM')"
Yellow,#ff6,255,255,102,"(60, 153, 60)",Unmellow Yellow,"('BRIGHT', 'WARM')"
Green,#014421,1,68,33,"(149, 251, 149)",Up Forest Green,"('BRIGHT', 'COOL')"
Red,#7b1113,123,17,19,"(359, 220, 359)",Up Maroon,"('BRIGHT', 'WARM')"
Red,#ae2029,174,32,41,"(356, 208, 356)",Upsdell Red,"('BRIGHT', 'WARM')"
Yellow,#e1ad21,225,173,33,"(44, 218, 44)",Urobilin,"('BRIGHT', 'WARM')"
Blue,#004f98,0,79,152,"(209, 255, 209)",Usafa Blue,"('BRIGHT', 'COOL')"
Red,#900,153,0,0,"(0, 255, 0)",Usc Cardinal,"('NEUTRAL', 'WARM')"
Yellow,#fc0,255,204,0,"(48, 255, 48)",Usc Gold,"('BRIGHT', 'WARM')"
Red,#d3003f,211,0,63,"(342, 255, 342)",Utah Crimson,"('BRIGHT', 'WARM')"
Beige,#f3e5ab,243,229,171,"(48, 76, 48)",Vanilla,"('BRIGHT', 'WARM')"
Yellow,#c5b358,197,179,88,"(50, 141, 50)",Vegas Gold,"('BRIGHT', 'WARM')"
Red,#c80815,200,8,21,"(356, 245, 356)",Venetian Red,"('BRIGHT', 'WARM')"
Green,#43b3ae,67,179,174,"(177, 160, 177)",Verdigris,"('BRIGHT', 'COOL')"
Red,#e34234,227,66,52,"(5, 197, 5)",Vermilion (Cinnabar),"('NEUTRAL', 'WARM')"
Orange,#d9603b,217,96,59,"(14, 186, 14)",Vermilion (Plochere),"('NEUTRAL', 'WARM')"
Purple,#a020f0,160,32,240,"(277, 221, 277)",Veronica,"('BRIGHT', 'WARM')"
Purple,#8f00ff,143,0,255,"(274, 255, 274)",Violet,"('BRIGHT', 'WARM')"
Blue,#324ab2,50,74,178,"(229, 183, 229)",Violet-Blue,"('BRIGHT', 'COOL')"
Purple,#7f00ff,127,0,255,"(270, 255, 270)",Violet (Color Wheel),"('BRIGHT', 'COOL')"
Purple,#8601af,134,1,175,"(286, 254, 286)",Violet (Ryb),"('BRIGHT', 'WARM')"
Pink,#ee82ee,238,130,238,"(300, 116, 300)",Violet (Web),"('BRIGHT', 'WARM')"
Green,#40826d,64,130,109,"(161, 129, 161)",Viridian,"('BRIGHT', 'COOL')"
Red,#922724,146,39,36,"(2, 192, 2)",Vivid Auburn,"('NEUTRAL', 'WARM')"
Red,#9f1d35,159,29,53,"(349, 208, 349)",Vivid Burgundy,"('BRIGHT', 'WARM')"
Red,#da1d81,218,29,129,"(328, 221, 328)",Vivid Cerise,"('BRIGHT', 'WARM')"
Pink,#ffa089,255,160,137,"(12, 118, 12)",Vivid Tangerine,"('NEUTRAL', 'WARM')"
Purple,#9f00ff,159,0,255,"(277, 255, 277)",Vivid Violet,"('BRIGHT', 'WARM')"
Black,#004242,0,66,66,"(180, 255, 180)",Warm Black,"('BRIGHT', 'COOL')"
Blue,#a4f4f9,164,244,249,"(184, 87, 184)",Waterspout,"('BRIGHT', 'COOL')"
Brown,#645452,100,84,82,"(7, 46, 7)",Wenge,"('NEUTRAL', 'WARM')"
Yellow,#f5deb3,245,222,179,"(39, 69, 39)",Wheat,"('DARK', 'WARM')"
White,#fff,255,255,255,"(0, 0, 0)",White,"('NEUTRAL', 'WARM')"
White,#f5f5f5,245,245,245,"(0, 0, 0)",White Smoke,"('NEUTRAL', 'WARM')"
Blue,#a2add0,162,173,208,"(226, 56, 226)",Wild Blue Yonder,"('BRIGHT', 'COOL')"
Pink,#ff43a4,255,67,164,"(329, 188, 329)",Wild Strawberry,"('BRIGHT', 'WARM')"
Pink,#fc6c85,252,108,133,"(350, 146, 350)",Wild Watermelon,"('BRIGHT', 'WARM')"
Red,#722f37,114,47,55,"(353, 150, 353)",Wine,"('BRIGHT', 'WARM')"
Red,#673147,103,49,71,"(336, 134, 336)",Wine Dregs,"('BRIGHT', 'WARM')"
Purple,#c9a0dc,201,160,220,"(281, 70, 281)",Wisteria,"('BRIGHT', 'WARM')"
Brown,#c19a6b,193,154,107,"(33, 114, 33)",Wood Brown,"('BRIGHT', 'WARM')"
Green,#738678,115,134,120,"(136, 36, 136)",Xanadu,"('BRIGHT', 'COOL')"
Blue,#0f4d92,15,77,146,"(212, 229, 212)",Yale Blue,"('BRIGHT', 'COOL')"
Yellow,#ff0,255,255,0,"(60, 255, 60)",Yellow,"('BRIGHT', 'WARM')"
Green,#9acd32,154,205,50,"(80, 193, 80)",Yellow-Green,"('BRIGHT', 'WARM')"
Yellow,#efcc00,239,204,0,"(51, 255, 51)",Yellow (Munsell),"('BRIGHT', 'WARM')"
Yellow,#ffd300,255,211,0,"(50, 255, 50)",Yellow (Ncs),"('BRIGHT', 'WARM')"
Orange,#ffae42,255,174,66,"(34, 189, 34)",Yellow Orange,"('BRIGHT', 'WARM')"
Yellow,#ffef00,255,239,0,"(56, 255, 56)",Yellow (Process),"('BRIGHT', 'WARM')"
Yellow,#fefe33,254,254,51,"(60, 204, 60)",Yellow (Ryb),"('BRIGHT', 'WARM')"
Blue,#0014a8,0,20,168,"(233, 255, 233)",Zaffre,"('BRIGHT', 'COOL')"
Brown,#2c1608,44,22,8,"(23, 209, 23)",Zinnwaldite Brown,"('DARK', 'WARM')"
